2311313,0630,01,16,
2295479,0630,01,40,
2308914,0630,02,54,
2311162,0701,00,16,
2313358,0701,00,29,
2313011,0701,00,45,
2313594,0701,00,49,
2313527,0701,01,05,
2313040,0701,01,06,
2313626,0701,01,32,
2314048,0701,01,42,
2275872,0701,01,46,
2312655,0701,01,55,
2313538,0701,02,30,
2313862,0701,02,33,
2313925,0701,02,40,
2313006,0701,02,57,
2313785,0701,10,04,
2314478,0701,10,20,
2313401,0701,10,48,
2313726,0701,11,15,
2283342,0701,11,18,52
2314207,0701,11,33,
2312621,0701,11,44,
2314766,0701,12,04,32
2314378,0701,12,53,
2314925,0701,13,19,
2308033,0701,13,21,38
2314201,0701,13,29,
2309352,0701,13,44,35
2311228,0701,14,13,
2311102,0701,14,48,34
2308643,0701,15,34,
2301014,0701,16,35,43
2315467,0701,16,40,17
2314380,0701,16,40,23
2313651,0701,16,52,26
2311804,0701,17,25,
2315011,0701,17,38,40
2306997,0701,19,03,35
2303768,0701,19,10,
2316084,0701,20,30,
2311037,0701,20,33,
2314203,0701,20,36,
2315137,0701,20,51,38
2311702,0701,21,14,26
2311214,0701,21,50,26
2315755,0701,21,38,
2315826,0701,21,51,32
2316375,0701,21,54,
2316371,0701,22,03,33
2315631,0701,22,31,35
2313434,0701,22,48,36
2309518,0701,22,55,15
2315762,0701,23,01,35
2315809,0701,23,03,23
2315460,0701,23,33,37
2312230,0701,23,08,28
2315683,0701,23,24,
2301569,0701,23,27,
2316284,0701,23,29,32
2307439,0701,23,30,
2316138,0701,23,40,
2316602,0701,23,48,29
2316242,0701,23,53,
2315748,0701,23,56,
2316186,0702,00,03,
2315280,0702,00,07,23
2312774,0702,00,10,26
2315226,0702,00,14,
2316662,0702,00,15,
2316040,0702,00,15,27
2286004,0702,00,22,60
2316680,0702,00,23,61
2272534,0702,00,26,
2316322,0702,00,26,
2316253,0702,00,35,32
2315849,0702,00,40,
2295002,0702,00,43,
2315503,0702,00,45,
2316297,0702,00,47,56
2316122,0702,00,47,41
2315875,0702,00,51,
2314802,0702,01,04,
2316702,0702,01,06,
2316195,0702,01,08,46
2314062,0702,01,13,
2300105,0702,01,16,
2316361,0702,01,16,
2315184,0702,01,19,33
2316732,0702,01,22,2
2316478,0702,01,22,
2316611,0702,01,29,
2316245,0702,01,31,19
2316745,0702,01,48,
2316450,0702,01,49,
2316546,0702,01,51,
2315859,0702,01,51,31
2300573,0702,01,51,31
2316293,0702,01,54,
2316556,0702,02,14,
2308616,0702,02,56,38
2303700,0702,03,06,
2315994,0702,03,13,
2308555,0702,03,13,
2314396,0702,03,16,
2316982,0702,09,13,47
2306609,0702,10,21,40
2269930,0702,10,43,41
2317144,0702,10,30,42
2316863,0702,11,08,
2267996,0702,10,41,39
2314100,0702,13,24,36
2317163,0702,14,34,55
2313479,0702,16,19,
2275254,0702,19,01,
2317209,0702,19,35,24
2315438,0702,20,34,38
2317811,0702,20,15,31
2318328,0702,20,15,31
2312511,0702,20,39,
2317606,0702,20,40,30
2317062,0702,21,11,
2316759,0702,21,26,
2318694,0702,22,03,34
2318101,0702,22,49,
2314956,0702,22,53,31
2252320,0702,22,55,67
2319016,0702,23,19,
2315029,0702,23,19,
2316281,0702,23,54,
2317113,0702,23,59,
2318787,0703,00,00,
2316145,0703,00,10,
2319490,0703,00,10,
2316628,0703,00,45,
2318660,0703,00,17,
2318744,0703,00,26,
2292562,0703,00,27,
2319522,0703,00,44,
2319540,0703,00,48,
2317778,0703,00,49,
2317222,0703,00,59,
2319303,0703,01,10,
2314785,0703,01,16,
2316514,0703,01,38,
2316833,0703,01,41,
2319033,0703,01,42,
2319249,0703,01,43,25
2319373,0703,01,51,
2316062,0703,01,51,
2318610,0703,01,54,
2318416,0703,01,59,14
2315486,0703,02,01,
2319605,0703,02,03,
2319436,0703,02,10,24
2319477,0703,02,14,
2318349,0703,02,15,
2319429,0703,02,17,
2319163,0703,02,18,
2319128,0703,02,25,
2310310,0703,02,27,
2315041,0703,02,47,
2317971,0703,02,51,
2306464,0703,03,15,
2319653,0703,09,27,42
2319688,0703,10,12,48
2319757,0703,10,56,
2319020,0703,11,30,
2319243,0703,12,53,37
2319379,0703,12,57,28
2319028,0703,12,59,30
2320487,0703,13,05,
2319901,0703,13,17,
2315103,0703,13,35,28
2311862,0703,13,36,44
2318528,0703,14,10,
2319759,0703,14,13,
2320298,0703,15,09,42
2320097,0703,14,59,46
2320747,0703,15,00,36
2318198,0703,16,08,32
2319264,0703,16,08,25
2320500,0703,16,11,
2320674,0703,16,34,
2309550,0703,17,13,40
2321200,0703,18,10,43
2320558,0703,19,00,30
2320073,0703,19,55,
2321145,0703,20,16,
2321724,0703,20,34,
2321843,0703,21,14,37
2320322,0703,21,16,
2319311,0703,21,39,
2316790,0703,21,42,37
2321936,0703,22,00,
2322025,0703,22,01,
2320440,0703,22,38,39
2310140,0703,22,16,17
2321434,0703,22,56,
2320071,0703,22,29,
2321772,0703,22,35,
2321715,0703,22,36,
2321506,0703,22,41,
2311117,0703,22,47,45
2312897,0703,22,49,38
2317597,0703,22,53,28
2321617,0703,23,00,
2321360,0703,23,03,38
2303396,0703,23,09,26
2319024,0703,23,11,
2321005,0703,23,12,
2317571,0703,23,13,34
2321573,0703,23,22,43
2321816,0703,23,22,
2320700,0703,23,25,
2321725,0703,23,26,
2304658,0703,23,28,
2320998,0703,23,39,
2321348,0704,00,00,
2322283,0704,00,14,
2320080,0704,00,46,
2321519,0704,00,17,24
2321720,0704,00,23,42
2318816,0704,00,25,
2320130,0704,00,27,
2320086,0704,00,46,
2321917,0704,00,49,31
2318606,0704,00,50,51
2321979,0704,00,51,
2320397,0704,00,52,34
2321531,0704,00,58,59
2322349,0704,00,59,
2322338,0704,01,02,
2317354,0704,01,08,24
2321929,0704,01,09,
2321769,0704,01,09,
2320221,0704,01,09,25
2318182,0704,01,39,
2320944,0704,01,16,
2247123,0704,01,16,
2317376,0704,01,21,
2321920,0704,01,25,
2320357,0704,01,25,
2320962,0704,02,03,51
2319833,0704,01,43,41
2321669,0704,01,46,34
2321110,0704,01,50,
2321800,0704,01,52,29
2314153,0704,01,55,20
2322069,0704,02,04,
2321313,0704,02,20,
2319791,0704,02,29,
2319542,0704,02,29,
2322187,0704,02,29,
2320809,0704,02,32,52
2320806,0704,02,32,52
2322088,0704,02,40,
2319961,0704,02,44,
2317848,0704,09,35,21
2322538,0704,09,54,
2322546,0704,10,12,35
2322580,0704,10,51,41
2321806,0704,10,52,35
2322809,0704,13,14,49
2268149,0704,13,29,42
2322108,0704,13,30,31
2321956,0704,13,35,
2323337,0704,14,03,55
2322873,0704,14,04,44
2323024,0704,14,30,34
2323217,0704,15,28,
2323093,0704,15,18,
2322994,0704,15,36,
2319054,0704,15,48,
2323278,0704,16,00,
2323385,0704,16,05,28
2321529,0704,16,15,
2322929,0704,17,05,
2323380,0704,17,05,26
2323922,0704,17,05,
2321811,0704,17,38,35
2323596,0704,17,54,
2315305,0704,18,31,39
2323835,0704,19,46,
2320551,0704,20,11,
2313032,0704,20,22,34
2319406,0704,20,31,43
2321328,0704,20,38,
2321398,0704,20,43,
2323220,0704,21,18,27
2315494,0704,20,58,39
2308944,0704,21,09,26
2321018,0704,21,18,27
2324353,0704,21,20,35
2324172,0704,22,48,31
2323849,0704,22,51,
2323445,0704,22,56,31
2324673,0704,23,01,44
2303370,0704,23,07,29
2321849,0704,23,18,
2324687,0704,23,20,31
2324428,0704,23,32,
2324202,0704,23,39,40
2320659,0704,23,48,
2324459,0704,23,50,48
2322925,0704,23,59,34
2324703,0705,00,06,17
2307046,0705,00,07,42
2256977,0705,00,21,32
2300413,0705,00,34,
2310216,0705,00,36,20
2323477,0705,00,46,
2308177,0705,00,49,
2325040,0705,00,52,39
2324749,0705,00,58,37
2308624,0705,00,59,
2323443,0705,00,59,33
2324616,0705,01,05,
2324235,0705,01,06,
2320031,0705,01,08,
2324508,0705,01,09,
2324746,0705,01,09,33
2325225,0705,01,10,44
2322607,0705,01,20,
2324481,0705,01,21,
2312550,0705,01,23,
2318879,0705,01,36,27
2313249,0705,02,07,31
2317856,0705,01,42,28
2324889,0705,01,46,
2324910,0705,01,47,
2324936,0705,01,47,
2323308,0705,02,18,
2320117,0705,02,44,27
2325325,0705,02,46,
2324614,0705,09,25,40
2323006,0705,09,43,33
2320579,0705,09,44,27
2325419,0705,10,01,
2324750,0705,10,13,25
2325007,0705,10,34,39
2325770,0705,11,10,44
2325445,0705,11,12,38
2325506,0705,11,51,
2318448,0705,12,05,45
2325742,0705,12,44,
2324665,0705,12,29,
2326092,0705,12,42,36
2322975,0705,13,12,48
2326419,0705,14,28,28
2309116,0705,14,13,24
2325448,0705,14,17,37
2322856,0705,15,15,31
2323739,0705,16,24,42
2322329,0705,16,15,68
2323540,0705,16,24,42
2320362,0705,18,20,57
2314035,0705,18,23,
2326504,0705,19,23,
2326445,0705,20,09,
2326964,0705,20,20,30
2321001,0705,20,30,40
2325194,0705,20,34,47
2326969,0705,20,59,35
2320427,0705,21,50,
2327815,0705,22,26,12
2326837,0705,22,38,
2327127,0705,22,40,26
2327353,0705,22,50,25
2316757,0705,22,54,52
2326590,0705,23,35,48
2326761,0705,23,19,42
2319300,0705,23,19,35
2324258,0705,23,20,27
2319908,0705,23,33,46
2327108,0705,23,38,27
2318116,0705,23,47,
2321689,0705,23,49,38
2326344,0705,23,52,25
2320833,0705,23,55,40
2327426,0705,23,58,46
2328021,0706,00,20,37
2327319,0706,00,22,32
2327693,0706,00,27,28
2328045,0706,00,27,44
2326313,0706,00,34,30
2327161,0706,00,42,52
2298028,0706,01,16,
2328082,0706,00,53,
2327225,0706,01,23,45
2327290,0706,01,06,
2327323,0706,01,08,
2327577,0706,01,08,
2326678,0706,01,13,
2326682,0706,01,20,42
2319492,0706,01,20,58
2320716,0706,01,25,
2317704,0706,01,43,
2322677,0706,01,48,
2327785,0706,02,00,
2325924,0706,02,01,
2327223,0706,02,33,41
2327793,0706,02,34,27
2327986,0706,02,45,
2327939,0706,02,48,
2327973,0706,02,51,
2327016,0706,02,53,
2322262,0706,02,53,46
2327959,0706,02,57,
2328010,0706,03,00,
2327993,0706,03,08,25
2327357,0706,03,10,29
2325010,0706,10,00,
2328641,0706,10,54,
2328275,0706,10,55,43
2283405,0706,11,29,42
2324100,0706,11,40,36
2327829,0706,12,33,24
2328366,0706,12,45,
2326014,0706,13,35,
2329098,0706,14,12,42
2327949,0706,15,27,36
2278821,0706,15,45,38
2328941,0706,16,21,50
2328985,0706,17,12,50
2329599,0706,17,12,50
2327294,0706,17,45,34
2327289,0706,17,45,34
2326569,0706,17,31,
2322960,0706,18,07,
2322496,0706,18,28,
2329055,0706,18,33,40
2329733,0706,18,41,
2328152,0706,18,57,46
2329416,0706,19,40,42
2325760,0706,19,18,30
2329940,0706,19,26,
2328894,0706,19,55,
2329270,0706,20,24,41
2329893,0706,21,21,37
2329607,0706,21,50,34
2329332,0706,22,03,40
2327448,0706,22,40,40
2324531,0706,22,23,36
2322189,0706,22,24,37
2330066,0706,22,40,22
2320933,0706,22,52,33
2330665,0706,23,18,31
2323345,0706,23,18,31
2328463,0706,23,21,
2330071,0706,23,22,
2330587,0706,23,29,
2329500,0706,23,48,23
2324380,0706,23,54,
2330200,0707,00,04,
2328348,0707,00,10,20
2322461,0707,00,10,20
2329426,0707,00,11,
2298363,0707,00,22,
2330388,0707,00,23,29
2322980,0707,00,25,
2322840,0707,00,46,
2330356,0707,00,51,
2330480,0707,01,41,27
2330425,0707,01,16,19
2330178,0707,01,19,
2330315,0707,01,22,23
2330852,0707,01,30,
2330556,0707,01,35,
2329991,0707,01,44,
2328584,0707,01,52,29
2330691,0707,02,02,
2303099,0707,02,03,34
2319434,0707,02,12,
2328385,0707,02,16,
2330632,0707,02,17,
2327573,0707,02,18,30
2330108,0707,02,19,31
2330639,0707,02,20,28
2330012,0707,02,47,
2326166,0707,02,47,26
2330013,0707,02,59,
2328922,0707,03,13,
2329083,0707,09,46,46
2317090,0707,09,57,40
2322129,0707,10,48,36
2329359,0707,11,06,40
2323619,0707,13,48,
2331596,0707,16,06,34
2331011,0707,16,26,27
2331853,0707,16,49,37
2331671,0707,18,28,
2325713,0707,18,19,
2331914,0707,18,20,
2331811,0707,18,54,36
2326472,0707,19,22,34
2320115,0707,20,16,45
2331260,0707,20,32,36
2330258,0707,20,33,
2330211,0707,21,05,
2326242,0707,20,37,
2329530,0707,20,47,26
2332259,0707,21,00,45
2325588,0707,21,12,32
2330914,0707,22,16,27
2333030,0707,22,34,32
2330768,0707,22,07,46
2303213,0707,22,09,
2333105,0707,22,45,
2242647,0707,22,32,
2327963,0707,22,32,42
2331926,0707,22,34,44
2330752,0707,23,04,
2331642,0707,22,48,
2325558,0707,22,54,
2320254,0707,22,57,
2329515,0707,22,58,
2331365,0707,23,14,
2330493,0707,23,15,28
2331950,0707,23,40,
2331993,0707,23,42,
2331358,0707,23,45,
2328007,0707,23,56,24
2333193,0708,00,00,
2332693,0708,00,03,
2333082,0708,00,14,
2329703,0708,00,15,
2333021,0708,00,23,
2332875,0708,00,31,62
2320196,0708,01,20,64
2331628,0708,01,19,33
2331945,0708,01,19,20
2329805,0708,01,18,37
2332485,0708,01,22,23
2332669,0708,01,27,23
2326168,0708,01,30,
2331603,0708,01,31,32
2329051,0708,01,32,
2332780,0708,01,33,
2305191,0708,01,47,
2333044,0708,01,48,
2310660,0708,01,52,
2331810,0708,01,56,23
2332881,0708,02,35,
2333286,0708,02,07,31
2327004,0708,02,14,
2333134,0708,02,15,
2333168,0708,02,16,
2332589,0708,02,43,20
2332741,0708,02,50,
2333350,0708,10,22,39
2333648,0708,10,41,41
2333325,0708,10,24,51
2332787,0708,10,32,41
2332770,0708,10,46,42
2332307,0708,10,54,
2330185,0708,10,58,32
2333359,0708,11,10,
2333443,0708,11,54,
2332326,0708,12,25,46
2333500,0708,12,15,36
2333923,0708,12,45,37
2332586,0708,12,42,
2333214,0708,13,02,61
2333655,0708,13,28,
2287906,0708,14,21,37
2333730,0708,14,23,
2333467,0708,15,29,23
2333984,0708,16,10,37
2334469,0708,16,17,46
2264944,0708,16,56,55
2334211,0708,17,13,
2334189,0708,17,35,33
2334426,0708,18,45,40
2334843,0708,18,31,
2332728,0708,18,32,
2332328,0708,18,34,
2334417,0708,18,57,43
2328014,0708,19,50,
2310208,0708,21,00,23
2334461,0708,21,02,
2328440,0708,21,50,35
2333070,0708,21,33,
2335302,0708,21,38,26
2329857,0708,21,40,28
2333205,0708,22,24,17
2334357,0708,22,26,30
2320214,0708,22,35,
2334743,0708,22,36,39
2334622,0708,22,41,
2333917,0708,22,54,28
2330120,0708,22,58,43
2331854,0708,23,00,
2311258,0708,23,06,27
2333196,0708,23,19,30
2334087,0708,23,34,
2322346,0708,23,35,35
2328564,0708,23,38,
2333933,0708,23,46,
2320083,0708,23,51,
2320928,0708,23,52,40
2332694,0708,23,58,
2334343,0709,00,00,45
2335323,0709,00,03,17
2334809,0709,00,10,42
2305193,0709,00,11,31
2335645,0709,00,11,
2335648,0709,00,11,28
2333128,0709,00,22,
2335121,0709,00,25,
2335296,0709,00,29,
2334310,0709,00,29,
2323935,0709,00,31,
2334938,0709,00,32,22
2326960,0709,00,36,
2333916,0709,00,37,27
2335211,0709,00,43,
2323784,0709,00,45,
2329797,0709,00,57,
2334788,0709,01,01,
2335359,0709,01,01,
2334294,0709,01,08,
2333954,0709,01,13,
2333523,0709,01,14,24
2323306,0709,01,14,46
2335268,0709,01,17,27
2325802,0709,01,21,
2335301,0709,01,24,33
2327552,0709,01,25,
2332611,0709,01,26,
2335569,0709,01,27,
2334117,0709,01,29,
2334867,0709,01,31,31
2335213,0709,01,32,
2334041,0709,01,40,29
2335589,0709,01,51,40
2335467,0709,01,53,
2335217,0709,01,59,38
2334155,0709,01,59,
2330625,0709,02,00,
2334031,0709,02,04,39
2334599,0709,02,09,
2335521,0709,02,12,
2335543,0709,02,20,
2335607,0709,02,20,
2333295,0709,02,23,
2333949,0709,02,26,43
2279958,0709,02,30,
2328062,0709,02,34,
2329533,0709,02,43,
2335555,0709,02,44,
2333212,0709,02,50,42
2309161,0709,09,33,46
2335821,0709,09,49,37
2330404,0709,10,43,51
2336133,0709,10,19,38
2334831,0709,10,28,30
2335861,0709,10,33,26
2336247,0709,11,01,63
2335831,0709,10,38,40
2312980,0709,11,54,40
2326183,0709,15,07,43
2336768,0709,14,41,33
2336542,0709,14,58,53
2330836,0709,15,58,
2336554,0709,16,04,34
2337191,0709,16,44,65
2336616,0709,16,50,38
2331890,0709,17,35,
2334313,0709,17,41,
2336521,0709,17,58,39
2337587,0709,18,49,
2337433,0709,18,55,
2333110,0709,18,57,30
2337073,0709,19,05,28
2337206,0709,19,30,
2251197,0709,20,05,
2336888,0709,20,25,43
2335445,0709,21,02,40
2332655,0709,21,05,
2333237,0709,21,24,39
2336009,0709,21,36,49
2331501,0709,22,21,50
2337586,0709,22,05,50
2337455,0709,22,23,
2337622,0709,22,53,41
2332848,0709,22,32,73
2336875,0709,22,47,29
2330841,0709,22,56,33
2338018,0709,22,56,
2323369,0709,23,00,
2337205,0709,23,01,27
2325706,0709,23,12,31
2305140,0709,23,12,
2338078,0709,23,21,43
2333637,0709,23,24,
2337581,0709,23,25,
2338042,0709,23,43,
2318147,0710,00,04,
2338064,0710,00,06,18
2329790,0710,00,22,46
2337969,0710,00,51,
2336815,0710,00,26,
2329583,0710,00,30,38
2326315,0710,00,34,42
2337731,0710,00,34,42
2337904,0710,00,35,
2338085,0710,00,47,
2337711,0710,00,53,
2337856,0710,00,53,
2338229,0710,00,57,
2337510,0710,01,00,
2337334,0710,01,02,27
2337690,0710,01,07,25
2338113,0710,01,11,
2338097,0710,01,26,
2337937,0710,01,26,38
2338244,0710,01,28,35
2338415,0710,01,58,
2336652,0710,01,45,
2338107,0710,01,45,52
2338063,0710,01,46,
2338339,0710,01,59,
2338409,0710,02,03,
2325882,0710,02,06,
2338077,0710,02,09,55
2338286,0710,02,12,
2335352,0710,02,20,
2326187,0710,02,48,
2338231,0710,02,29,
2338338,0710,02,38,
2334907,0710,02,39,
2338398,0710,02,50,
2312418,0710,02,51,26
2329958,0710,02,52,
2338794,0710,09,01,
2338659,0710,10,15,37
2338725,0710,10,18,38
2326777,0710,10,09,
2326811,0710,10,09,
2326965,0710,10,09,
2338646,0710,10,18,40
2336889,0710,10,35,39
2338605,0710,10,39,
2257319,0710,11,28,41
2336568,0710,11,53,36
2339044,0710,14,25,
2336338,0710,14,54,34
2338822,0710,15,00,49
2338598,0710,16,36,32
2323508,0710,16,38,25
2335442,0710,16,43,
2338293,0710,18,57,42
2339455,0710,19,43,
2339621,0710,19,52,48
2339765,0710,19,52,
2338857,0710,19,59,
2339443,0710,20,57,38
2340833,0710,21,17,
2340834,0710,21,26,39
2340343,0710,21,32,
2318849,0710,21,42,
2340517,0710,22,22,
2332889,0710,21,58,
2325261,0710,22,00,30
2340986,0710,22,05,37
2340910,0710,22,11,
2340322,0710,22,11,43
2340406,0710,22,57,38
2331831,0710,22,39,
2340400,0710,22,44,29
2339473,0710,22,47,
2328887,0710,22,53,46
2325127,0710,22,55,
2340448,0710,23,10,
2338999,0710,23,13,
2340105,0710,23,31,
2340492,0710,23,45,26
2327097,0710,23,54,58
2336092,0711,00,42,
2337789,0711,01,01,
2335073,0711,00,46,
2340684,0711,00,54,30
2340940,0711,00,56,
2341124,0711,01,05,36
2338337,0711,01,07,38
2337236,0711,01,10,37
2341298,0711,01,10,65
2340844,0711,01,11,36
2331505,0711,01,14,32
2340103,0711,01,15,
2340787,0711,01,47,39
2338832,0711,01,28,
2333282,0711,01,30,
2339503,0711,01,38,
2339829,0711,01,55,
2339354,0711,01,58,
2341155,0711,01,59,
2324852,0711,02,09,
2339561,0711,02,10,
2340410,0711,02,11,
2327392,0711,02,11,
2340118,0711,02,21,
2341338,0711,02,30,30
2340542,0711,02,55,42
2339597,0711,03,06,
2341193,0711,03,09,
2340943,0711,03,21,
2341407,0711,10,41,
2341865,0711,10,57,50
2341370,0711,11,01,34
2341669,0711,12,59,39
2340795,0711,13,29,
2342139,0711,13,03,43
2341143,0711,15,50,
2341279,0711,15,52,41
2342643,0711,16,51,25
2338965,0711,17,19,
2341728,0711,17,23,37
2341365,0711,17,27,41
2342681,0711,17,28,34
2312388,0711,17,31,45
2342736,0711,17,31,
2340983,0711,18,42,55
2340955,0711,19,03,
2341825,0711,19,25,
2342225,0711,19,28,31
2343083,0711,19,39,
2341563,0711,19,53,27
2342611,0711,20,06,35
2342027,0711,20,15,29
2343184,0711,20,31,23
2343267,0711,21,05,36
2342703,0711,21,14,
2342060,0711,21,03,34
2342574,0711,21,05,55
2342312,0711,21,33,
2341332,0711,22,01,
2338485,0711,22,01,30
2342329,0711,22,25,28
2342656,0711,22,37,17
2340858,0711,22,42,22
2342782,0711,23,21,
2342709,0711,23,23,
2343170,0711,23,23,
2342892,0711,23,24,
2309666,0711,23,36,41
2342316,0711,23,38,34
2343177,0711,23,43,
2320431,0712,00,02,
2337443,0712,00,12,57
2341870,0712,00,14,18
2343105,0712,00,22,
2343203,0712,00,24,
2343834,0712,00,26,36
2343323,0712,00,29,53
2343828,0712,00,34,29
2341039,0712,01,04,
2343241,0712,00,41,28
2343899,0712,01,04,
2342229,0712,01,06,
2343904,0712,01,12,27
2343343,0712,01,17,
2340726,0712,01,17,40
2343128,0712,01,35,34
2262015,0712,01,35,
2342262,0712,01,36,
2343733,0712,01,48,47
2323036,0712,01,52,29
2341349,0712,01,55,
2343364,0712,02,12,28
2343590,0712,02,13,
2343274,0712,02,27,37
2340643,0712,02,28,38
2343776,0712,02,30,42
2342199,0712,02,55,
2343145,0712,02,55,46
2341799,0712,02,56,
2342567,0712,02,59,46
2343151,0712,03,07,
2336547,0712,03,21,
2343713,0712,03,22,
2342972,0712,09,19,
2344177,0712,09,22,
2343652,0712,10,03,44
2327310,0712,09,47,
2343062,0712,09,49,28
2343654,0712,09,50,29
2342386,0712,10,15,33
2343990,0712,10,05,29
2344005,0712,10,48,
2342760,0712,10,21,43
2340382,0712,10,22,
2339594,0712,10,46,
2343976,0712,11,02,
2341982,0712,11,41,33
2331480,0712,12,01,
2343360,0712,12,42,
2343966,0712,12,17,34
2342939,0712,14,33,
2345054,0712,15,20,42
2345041,0712,15,20,42
2344854,0712,15,45,
2305416,0712,16,16,
2340252,0712,16,23,35
2344423,0712,17,13,
2343604,0712,18,12,24
2345030,0712,18,43,25
2343316,0712,19,29,
2344753,0712,19,04,
2344920,0712,19,18,30
2345428,0712,20,24,25
2338269,0712,20,17,37
2315081,0712,20,38,37
2342833,0712,20,48,
2342188,0712,21,37,51
2345111,0712,21,54,49
2346319,0712,22,01,
2345527,0712,22,08,
2337997,0712,22,36,22
2345814,0712,22,22,31
2341895,0712,22,25,
2337017,0712,22,29,34
2345036,0712,22,42,
2345669,0712,23,08,
2343565,0712,23,11,
2342699,0712,23,13,
2306569,0712,23,22,22
2346170,0712,23,25,25
2344684,0712,23,37,41
2346057,0712,23,38,
2345771,0712,23,40,
2343159,0712,23,49,38
2345767,0712,23,51,
2344451,0712,23,54,
2335695,0713,00,35,
2346652,0713,00,07,31
2345343,0713,00,10,22
2336900,0713,00,16,19
2346152,0713,00,25,28
2330413,0713,00,28,
2345141,0713,00,30,
2300561,0713,00,30,
2344388,0713,00,34,30
2345616,0713,00,35,
2345940,0713,01,04,36
2346128,0713,00,36,39
2344741,0713,00,43,38
2346014,0713,00,44,39
2344994,0713,00,46,20
2337872,0713,00,51,
2346526,0713,00,55,
2344637,0713,01,04,
2331920,0713,01,08,
2346459,0713,01,09,
2346522,0713,01,10,
2346456,0713,01,13,
2344339,0713,01,14,31
2346258,0713,01,21,29
2345637,0713,01,32,32
2346483,0713,01,36,
2346728,0713,01,40,
2345821,0713,01,47,43
2341136,0713,01,47,
2342070,0713,01,55,
2345361,0713,01,55,
2329856,0713,02,01,
2343754,0713,02,02,43
2343981,0713,02,03,
2346455,0713,02,06,
2346560,0713,02,06,47
2344463,0713,02,31,
2344788,0713,02,31,
2345405,0713,02,10,51
2343600,0713,02,14,
2343585,0713,02,14,
2343592,0713,02,14,
2346525,0713,02,28,
2346216,0713,02,34,
2343510,0713,02,37,
2339580,0713,02,38,
2339581,0713,02,38,
2346120,0713,02,41,
2341344,0713,03,03,
2345257,0713,03,05,
2346877,0713,10,11,43
2340196,0713,10,04,36
2345398,0713,10,08,27
2346881,0713,10,59,29
2347370,0713,11,38,46
2347426,0713,11,37,45
2346802,0713,11,40,
2347440,0713,11,47,7
2346955,0713,12,10,28
2347535,0713,12,21,
2347687,0713,13,19,31
2344222,0713,16,34,
2341028,0713,16,46,
2312723,0713,17,28,47
2317783,0713,18,45,32
2346682,0713,18,50,
2343245,0713,19,17,
2328505,0713,19,33,
2348144,0713,19,34,30
2324858,0713,20,02,
2338084,0713,20,19,
2346436,0713,20,54,44
2348422,0713,21,26,44
2348427,0713,21,26,44
2348848,0713,21,01,53
2330309,0713,21,31,
2347827,0713,21,48,
2346101,0713,22,51,
2349282,0713,22,31,22
2348197,0713,23,09,
2349120,0713,23,16,
2346416,0713,23,24,
2347070,0713,23,24,44
2347825,0713,23,31,
2338148,0713,23,37,42
2348659,0713,23,43,
2348557,0713,23,43,
2348433,0713,23,51,47
2344648,0713,23,56,
2345455,0714,00,03,31
2324021,0714,00,04,38
2348758,0714,00,23,
2348650,0714,00,37,
2346973,0714,00,39,
2346672,0714,00,40,
2349565,0714,00,51,
2346159,0714,00,52,
2349001,0714,01,14,21
2349382,0714,01,15,
2349360,0714,01,15,
2347578,0714,01,18,
2336513,0714,01,22,
2336512,0714,01,22,
2336511,0714,01,22,
2349161,0714,01,40,
2348605,0714,01,43,28
2349597,0714,01,48,
2349436,0714,01,50,
2346987,0714,02,03,
2348380,0714,02,06,
2349265,0714,02,10,
2349369,0714,02,18,
2345079,0714,02,22,31
2344078,0714,02,26,41
2347838,0714,02,26,33
2348590,0714,02,27,
2349412,0714,02,27,38
2348762,0714,02,34,
2348461,0714,02,36,
2349410,0714,02,45,
2345456,0714,02,46,
2347726,0714,02,48,
2348648,0714,02,50,
2343806,0714,02,51,
2349459,0714,02,51,
2335678,0714,02,52,37
2349647,0714,02,53,
2345492,0714,03,06,
2346619,0714,03,06,
2347035,0714,03,07,52
2348562,0714,03,27,41
2349435,0714,10,07,41
2347619,0714,09,39,
2349112,0714,10,24,46
2349726,0714,10,13,37
2346740,0714,11,41,40
2350154,0714,11,25,
2312892,0714,12,06,
2350052,0714,13,19,44
2350222,0714,15,22,42
2348203,0714,16,25,
2349845,0714,18,09,
2348066,0714,18,18,45
2351245,0714,18,43,
2340779,0714,19,30,
2340049,0714,19,40,42
2343611,0714,20,24,30
2348578,0714,20,39,
2347806,0714,20,57,
2351229,0714,20,58,
2349850,0714,21,27,26
2351274,0714,21,43,22
2351197,0714,21,46,
2351075,0714,21,53,
2344715,0714,22,25,
2351418,0714,22,42,
2349612,0714,23,05,
2343794,0714,23,29,28
2350551,0714,23,47,32
2346961,0714,23,53,18
2350478,0714,23,57,25
2351457,0715,00,06,
2352051,0715,00,23,
2351301,0715,00,38,
2331029,0715,00,38,
2295570,0715,00,47,
2351176,0715,00,47,
2351177,0715,00,48,
2351812,0715,00,56,
2351860,0715,01,09,
2348683,0715,01,19,
2350524,0715,01,48,28
2351953,0715,01,52,
2350623,0715,01,55,
2351527,0715,02,02,
2351302,0715,02,54,
2349725,0715,03,37,
2352383,0715,09,37,
2350583,0715,10,37,23
2352258,0715,11,49,35
2330642,0715,12,29,
2352890,0715,12,36,
2352858,0715,14,40,43
2352095,0715,15,27,36
2352627,0715,16,13,
2351540,0715,16,34,
2348776,0715,16,53,
2351960,0715,17,15,46
2352892,0715,17,18,
2346070,0715,18,36,42
2352912,0715,18,41,36
2228698,0715,18,47,53
2228697,0715,18,48,54
2228699,0715,18,51,57
2228700,0715,18,52,58
2352829,0715,20,03,
2353554,0715,20,05,
2344282,0715,20,07,24
2349942,0715,20,25,40
2351123,0715,21,40,32
2350913,0715,21,43,41
2346122,0715,21,23,44
2340528,0715,21,54,43
2354345,0715,21,58,
2353684,0715,22,29,28
2353849,0715,22,40,22
2353810,0715,22,44,
2343673,0715,22,49,20
2354483,0715,23,11,24
2349343,0715,23,20,
2354509,0715,23,24,
2354058,0715,23,44,30
2354310,0715,23,52,
2353820,0715,23,56,30
2354141,0716,00,02,31
2352573,0716,00,17,
2353335,0716,00,17,21
2352488,0716,00,20,
2354150,0716,00,26,26
2351878,0716,00,29,
2354595,0716,00,39,
2353768,0716,00,42,31
2352263,0716,00,47,29
2354108,0716,01,10,21
2353769,0716,02,40,
2354464,0716,02,42,
2352939,0716,02,57,27
2353983,0716,03,01,31
2354727,0716,09,13,29
2354375,0716,10,26,
2355130,0716,10,42,38
2354773,0716,10,49,24
2354740,0716,11,25,32
2292768,0716,11,29,
2355290,0716,11,54,30
2355126,0716,13,32,25
2355088,0716,14,28,
2355222,0716,14,58,29
2355959,0716,15,48,71
2354932,0716,17,15,33
2356370,0716,18,12,
2354436,0716,18,23,
2355996,0716,18,48,31
2354139,0716,18,55,25
2325309,0716,19,24,38
2356006,0716,19,58,30
2356203,0716,20,28,
2355830,0716,20,35,
2355602,0716,20,57,26
2356100,0716,21,13,34
2355721,0716,21,17,
2341918,0716,21,38,43
2354294,0716,21,52,38
2311267,0716,21,58,
2355113,0716,22,39,40
2356588,0716,22,42,27
2355619,0716,23,03,
2352559,0716,23,08,
2356822,0716,23,17,20
2353147,0716,23,19,22
2350504,0716,23,21,21
2355465,0716,23,21,34
2356362,0716,23,25,17
2356818,0716,23,27,27
2356756,0716,23,45,25
2355870,0717,00,02,25
2347614,0717,00,02,22
2356357,0717,00,03,26
2356143,0717,00,07,22
2356730,0717,00,12,
2356788,0717,00,13,41
2351945,0717,00,14,36
2356870,0717,00,40,
2356155,0717,00,42,25
2352601,0717,00,42,25
2355014,0717,00,42,
2357048,0717,00,48,
2355123,0717,00,50,
2356851,0717,01,01,
2290230,0717,01,10,
2355977,0717,01,13,
2356815,0717,01,14,29
2345722,0717,01,21,
2348317,0717,01,28,25
2342817,0717,01,41,26
2304154,0717,02,18,
2342079,0717,01,56,25
2354909,0717,01,58,32
2355904,0717,02,12,
2356776,0717,02,12,29
2357425,0717,02,13,65
2341943,0717,02,25,31
2355898,0717,02,34,43
2357218,0717,02,38,24
2356774,0717,03,05,
2353349,0717,03,16,
2356919,0717,03,19,
2357510,0717,09,40,45
2356950,0717,10,26,54
2352988,0717,11,12,
2347347,0717,11,55,40
2357620,0717,11,55,36
2357603,0717,12,13,38
2357722,0717,12,24,37
2357321,0717,12,24,37
2357713,0717,13,46,
2358831,0717,15,55,
2357930,0717,15,25,39
2358038,0717,15,25,49
2358485,0717,16,09,26
2358988,0717,17,02,
2358260,0717,17,03,26
2358757,0717,18,34,21
2356529,0717,19,20,38
2359373,0717,19,24,42
2354653,0717,19,34,37
2357208,0717,20,26,48
2358300,0717,20,39,
2357124,0717,21,01,33
2359034,0717,21,44,22
2348165,0717,22,17,
2356005,0717,22,32,31
2358808,0717,22,32,31
2352646,0717,22,33,
2359959,0717,22,57,37
2352015,0717,22,57,
2359579,0717,22,59,
2359744,0717,23,04,27
2360021,0717,23,10,
2359234,0717,23,18,26
2359612,0717,23,25,
2353265,0717,23,31,29
2359758,0717,23,44,42
2354292,0718,00,14,
2354298,0718,00,15,
2359588,0717,23,48,35
2360142,0717,23,56,
2358707,0717,23,56,
2356198,0717,23,56,
2359537,0717,23,56,
2359270,0718,00,00,
2359477,0718,00,32,39
2359780,0718,00,15,
2359293,0718,00,18,56
2358410,0718,00,20,58
2355298,0718,00,23,27
2359334,0718,00,47,32
2353947,0718,00,29,
2358855,0718,00,30,23
2359548,0718,00,30,23
2336416,0718,00,34,17
2358416,0718,01,03,30
2359665,0718,00,35,
2353630,0718,00,35,39
2349131,0718,01,05,
2359487,0718,00,38,23
2356707,0718,00,42,27
2359747,0718,00,42,31
2356972,0718,00,46,31
2359496,0718,01,18,43
2359795,0718,01,19,45
2359647,0718,01,08,33
2359769,0718,01,16,42
2359905,0718,01,48,
2360020,0718,01,23,49
2359911,0718,01,36,57
2359413,0718,01,37,
2355105,0718,01,42,23
2359680,0718,01,44,28
2360109,0718,01,48,
2359830,0718,01,57,20
2354406,0718,02,01,
2355919,0718,02,12,26
2358134,0718,02,14,
2357656,0718,02,15,31
2359926,0718,02,27,20
2356804,0718,02,54,
2356806,0718,02,51,39
2358683,0718,02,51,34
2357894,0718,02,51,
2348713,0718,02,56,
2360316,0718,09,35,19
2358350,0718,09,37,37
2359976,0718,11,22,26
2359900,0718,11,13,16
2360041,0718,13,02,31
2308873,0718,12,40,
2360319,0718,13,24,26
2358362,0718,13,29,31
2360986,0718,13,48,28
2361412,0718,14,45,
2337372,0718,14,32,
2360977,0718,15,20,42
2328124,0718,15,26,
2361069,0718,15,28,38
2341954,0718,15,43,
2360028,0718,16,21,43
2361736,0718,16,12,34
2361432,0718,16,40,43
2361249,0718,16,57,
2356715,0718,18,04,19
2362067,0718,17,55,
2360399,0718,18,05,47
2349746,0718,18,31,38
2361694,0718,18,42,24
2361328,0718,18,49,34
2361590,0718,18,54,
2353299,0718,19,41,43
2352485,0718,20,14,
2361462,0718,20,38,
2361375,0718,21,09,32
2358261,0718,21,35,
2357907,0718,21,07,48
2361056,0718,21,14,23
2333261,0718,21,21,33
2359790,0718,21,50,
2362014,0718,21,51,
2361168,0718,21,57,45
2362411,0718,22,40,34
2351142,0718,22,44,38
2362611,0718,22,52,28
2362340,0718,23,13,
2360135,0718,23,25,36
2362952,0718,23,26,
2362673,0718,23,41,
2362197,0718,23,42,
2361081,0718,23,42,26
2362916,0718,23,44,
2350765,0718,23,45,
2357797,0718,23,48,51
2360778,0718,23,49,38
2359912,0718,23,53,34
2361386,0718,23,53,30
2362793,0718,23,56,30
2308341,0718,23,57,31
2362142,0719,00,00,
2359175,0719,00,02,36
2361003,0719,00,03,
2362630,0719,00,39,
2361396,0719,00,11,34
2363021,0719,00,12,
2359039,0719,00,13,32
2357973,0719,00,15,18
2362680,0719,00,27,50
2359741,0719,00,31,
2362446,0719,00,35,
2362906,0719,01,05,53
2363070,0719,00,50,
2362268,0719,00,58,
2349233,0719,00,59,27
2359869,0719,01,17,
2355603,0719,01,29,
2362633,0719,01,34,
2362755,0719,01,43,
2358672,0719,01,44,
2362803,0719,01,48,
2362945,0719,01,48,
2357188,0719,01,55,17
2362895,0719,01,58,
2361345,0719,02,04,
2358905,0719,02,07,
2363132,0719,02,18,
2362169,0719,02,44,56
2362176,0719,02,45,57
2363016,0719,02,50,
2354354,0719,02,51,27
2362215,0719,02,52,
2361543,0719,02,53,65
2363242,0719,08,55,
2362011,0719,10,00,27
2363078,0719,10,20,
2362536,0719,12,05,36
2362030,0719,12,16,30
2363194,0719,12,47,52
2362587,0719,13,04,32
2363617,0719,13,10,26
2361915,0719,14,00,32
2355739,0719,13,47,
2363505,0719,15,02,45
2354468,0719,15,06,
2364208,0719,15,55,27
2362967,0719,16,13,31
2364002,0719,16,26,42
2364836,0719,17,27,30
2364303,0719,17,54,30
2363982,0719,17,48,40
2361888,0719,18,27,
2356377,0719,18,40,41
2363424,0719,18,48,36
2363730,0719,19,53,
2351445,0719,19,58,43
2362562,0719,19,49,
2362912,0719,19,50,
2365435,0719,20,55,54
2363967,0719,20,31,
2359661,0719,20,31,41
2357280,0719,21,19,35
2365122,0719,21,26,
2360872,0719,21,08,23
2364686,0719,21,11,34
2364572,0719,22,07,34
2365284,0719,22,20,47
2363055,0719,22,15,31
2357281,0719,22,16,
2365714,0719,22,21,
2361548,0719,22,30,37
2365708,0719,22,57,46
2359275,0719,23,03,38
2335491,0719,23,09,39
2365344,0720,00,00,
2365242,0720,00,05,
2356490,0719,23,54,30
2361807,0720,00,03,21
2365951,0720,00,33,
2362829,0720,00,04,22
2360974,0720,00,21,24
2365552,0720,01,05,
2358989,0720,01,16,38
2365479,0720,01,25,
2358141,0720,01,28,
2365484,0720,01,29,27
2364538,0720,01,32,21
2365281,0720,01,33,31
2365769,0720,01,34,23
2365729,0720,01,44,
2364314,0720,01,47,26
2362456,0720,01,48,
2361140,0720,01,52,31
2365757,0720,02,05,
2363201,0720,02,16,
2364411,0720,02,19,39
2363904,0720,02,21,
2365422,0720,02,23,37
2364977,0720,02,42,
2365330,0720,02,53,46
2359129,0720,02,55,
2365881,0720,09,06,54
2366096,0720,09,22,35
2358158,0720,09,57,44
2329243,0720,09,58,
2366230,0720,11,38,21
2366376,0720,13,31,45
2366423,0720,13,58,30
2366327,0720,14,19,
2357200,0720,14,24,49
2366686,0720,14,06,
2365519,0720,15,24,38
2366357,0720,15,30,
2366645,0720,15,42,
2367015,0720,17,00,
2358193,0720,16,37,25
2365069,0720,18,38,28
2367305,0720,18,58,27
2366674,0720,19,23,41
2367356,0720,20,05,26
2368171,0720,20,33,40
2367414,0720,20,30,42
2363895,0720,20,56,40
2367798,0720,20,59,43
2367046,0720,21,28,41
2362600,0720,21,38,
2367717,0720,21,50,
2367371,0720,22,24,
2367951,0720,22,25,29
2368514,0720,22,49,60
2366156,0720,22,57,
2368687,0720,23,29,49
2366093,0720,23,30,33
2367969,0720,23,36,39
2366198,0720,23,40,
2368104,0721,00,21,36
2368358,0720,23,54,27
2365120,0720,23,56,24
2368184,0721,00,09,
2368254,0721,00,09,
2343915,0721,00,21,
2363983,0721,00,37,31
2365725,0721,01,03,32
2364318,0721,01,06,27
2367518,0721,01,08,28
2367821,0721,01,11,26
2356895,0721,01,16,31
2367976,0721,01,22,
2368547,0721,01,24,41
2360310,0721,01,36,
2368036,0721,01,36,49
2367962,0721,01,52,
2368452,0721,01,53,23
2345865,0721,01,53,40
2337056,0721,01,55,
2368097,0721,01,56,43
2367474,0721,01,57,
2368709,0721,02,03,
2349706,0721,02,04,51
2352440,0721,02,15,
2367394,0721,02,16,
2368864,0721,02,36,
2365049,0721,02,37,
2364186,0721,02,45,
2368713,0721,02,50,
2368939,0721,11,16,55
2368911,0721,11,17,32
2369438,0721,11,17,32
2368985,0721,11,20,24
2350801,0721,12,15,
2366657,0721,11,57,30
2368738,0721,11,58,
2363496,0721,12,06,20
2367054,0721,13,03,41
2367627,0721,13,42,40
2361964,0721,13,51,
2365811,0721,14,13,35
2369852,0721,14,20,
2364193,0721,14,24,
2368787,0721,14,27,35
2368844,0721,14,45,
2368670,0721,15,21,33
2367297,0721,17,44,42
2369424,0721,17,56,
2369753,0721,17,53,43
2369075,0721,18,04,54
2369314,0721,19,56,
2370194,0721,20,05,37
2370497,0721,20,45,
2369756,0721,22,09,34
2370418,0721,22,10,30
2288898,0721,22,17,
2369279,0721,22,53,
2369259,0721,22,53,
2370063,0721,22,33,41
2355819,0721,22,43,38
2367125,0721,23,37,74
2370623,0721,23,16,
2370727,0721,23,21,
2368813,0721,23,28,45
2344672,0721,23,32,29
2360276,0722,00,04,
2371149,0721,23,51,
2370323,0721,23,52,23
2370529,0721,23,52,
2368288,0722,00,01,
2349515,0722,00,06,39
2370900,0722,00,39,
2367631,0722,00,42,29
2370648,0722,00,17,
2370236,0722,00,18,52
2359181,0722,00,18,54
2301540,0722,00,18,23
2359561,0722,00,20,54
2370927,0722,00,49,26
2370743,0722,00,27,19
2371087,0722,00,29,21
2369771,0722,00,31,36
2370992,0722,00,31,23
2370771,0722,00,32,29
2370918,0722,00,34,
2371243,0722,00,35,22
2371059,0722,00,39,31
2361766,0722,00,40,
2371244,0722,00,41,33
2371116,0722,01,01,38
2371190,0722,01,05,52
2370653,0722,01,06,37
2370796,0722,01,07,
2370935,0722,01,20,
2371280,0722,01,20,
2361378,0722,01,22,36
2370397,0722,01,54,31
2347670,0722,01,58,35
2352250,0722,02,05,
2369735,0722,02,06,19
2371041,0722,02,17,54
2370136,0722,02,56,
2369410,0722,02,36,
2361445,0722,02,38,33
2371325,0722,02,43,20
2367641,0722,02,56,
2364692,0722,09,00,50
2371343,0722,09,00,50
2370803,0722,09,59,38
2350564,0722,10,15,47
2366911,0722,10,21,23
2369249,0722,11,15,29
2371514,0722,11,58,49
2371031,0722,13,03,
2359960,0722,14,16,40
2372046,0722,15,22,25
2366892,0722,14,55,31
2371047,0722,15,40,
2369256,0722,16,17,
2372316,0722,17,17,16
2372027,0722,17,18,29
2371320,0722,19,47,50
2370891,0722,20,34,
2372587,0722,20,59,22
2370913,0722,21,36,
2371337,0722,21,37,
2369004,0722,21,59,24
2373576,0722,22,07,32
2373143,0722,23,02,40
2372212,0722,23,05,
2367218,0722,23,07,32
2372000,0722,23,13,26
2372397,0722,23,20,33
2368278,0722,23,21,29
2373258,0722,23,22,32
2373195,0722,23,27,25
2373395,0722,23,30,40
2353029,0722,23,46,
2371700,0722,23,56,
2373892,0723,00,26,
2366066,0723,00,02,50
2369381,0723,00,06,40
2361619,0723,00,20,46
2366564,0723,00,25,30
2339052,0723,00,28,
2373540,0723,00,31,28
2373640,0723,00,34,
2373675,0723,00,37,45
2362148,0723,00,40,
2373422,0723,00,44,39
2372941,0723,00,45,23
2368275,0723,00,47,
2366445,0723,00,49,44
2370904,0723,00,53,31
2373919,0723,00,53,31
2373701,0723,01,27,19
2370378,0723,01,01,28
2371992,0723,01,04,19
2373784,0723,01,06,21
2369238,0723,01,36,
2373337,0723,01,06,36
2373463,0723,01,08,28
2373532,0723,01,13,
2365960,0723,01,47,
2373605,0723,01,47,
2372107,0723,01,21,
2373185,0723,01,23,
2373619,0723,01,24,35
2373839,0723,01,32,
2368797,0723,01,43,
2357613,0723,01,43,
2373661,0723,01,44,
2372776,0723,01,45,37
2369128,0723,01,46,
2373670,0723,01,51,29
2373806,0723,02,23,36
2362794,0723,01,56,
2371145,0723,02,02,
2373744,0723,02,04,
2373396,0723,02,05,43
2373525,0723,02,12,40
2369007,0723,02,16,
2357336,0723,02,21,44
2348216,0723,02,26,31
2372812,0723,02,30,
2349591,0723,02,37,
2373893,0723,02,47,16
2371694,0723,02,55,
2373975,0723,02,56,36
2368302,0723,03,00,
2368433,0723,09,56,32
2361187,0723,09,39,39
2361188,0723,09,40,40
2374313,0723,09,40,40
2370656,0723,09,44,38
2374280,0723,09,56,
2374171,0723,10,42,
2374167,0723,10,42,
2374075,0723,10,36,46
2292232,0723,11,07,37
2374091,0723,11,17,36
2368221,0723,11,20,
2374677,0723,12,10,
2372809,0723,13,24,
2374912,0723,13,32,65
2374284,0723,15,26,
2365012,0723,16,06,47
2354666,0723,19,16,
2375057,0723,19,32,37
2375355,0723,20,16,29
2373818,0723,21,15,46
2374635,0723,20,56,41
2375457,0723,21,33,24
2375592,0723,22,57,
2375408,0723,23,26,22
2376175,0723,23,18,35
2376001,0723,23,20,
2375905,0723,23,22,
2375920,0723,23,23,
2375248,0723,23,35,56
2376159,0723,23,36,37
2376210,0723,23,42,46
2364434,0723,23,49,26
2373731,0724,00,14,
2372419,0724,00,22,24
2376551,0724,00,33,24
2373988,0724,00,37,28
2376302,0724,00,43,19
2376377,0724,00,44,37
2375696,0724,01,08,37
2375824,0724,01,12,
2376375,0724,01,17,
2375336,0724,01,22,38
2339596,0724,01,25,
2368831,0724,01,54,
2373944,0724,01,30,35
2372915,0724,01,30,35
2376411,0724,01,30,35
2376174,0724,01,55,
2376388,0724,02,00,
2373120,0724,02,30,41
2375770,0724,02,00,17
2363683,0724,02,01,46
2372836,0724,02,03,
2373564,0724,02,08,56
2376540,0724,02,08,41
2369231,0724,02,09,
2376486,0724,02,11,
2363183,0724,02,16,
2375003,0724,02,17,
2376549,0724,02,26,
2366545,0724,02,27,26
2373720,0724,02,33,
2373436,0724,02,36,32
2374551,0724,02,39,
2375300,0724,02,43,
2374181,0724,02,48,44
2375796,0724,02,59,48
2376238,0724,03,05,
2375416,0724,03,15,
2376164,0724,10,29,45
2376313,0724,10,05,29
2377138,0724,10,29,45
2376821,0724,11,41,
2372793,0724,12,35,
2376816,0724,12,37,29
2376561,0724,12,49,35
2371246,0724,13,21,23
2373992,0724,14,36,37
2370892,0724,15,35,22
2377259,0724,15,43,51
2377303,0724,15,57,
2376750,0724,16,29,68
2378039,0724,18,25,37
2377898,0724,18,28,25
2375098,0724,18,34,
2341203,0724,18,39,
2377738,0724,18,41,29
2377293,0724,20,33,
2378079,0724,20,31,
2378297,0724,21,45,34
2378581,0724,22,32,36
2374504,0724,22,11,39
2378583,0724,22,32,36
2378417,0724,22,42,31
2378599,0724,22,44,48
2378606,0724,22,44,48
2378613,0724,22,44,48
2377257,0724,22,47,28
2370789,0724,22,48,32
2378806,0724,23,01,31
2378527,0724,23,10,0
2378783,0724,23,12,34
2378626,0724,23,12,50
2377670,0724,23,19,41
2378621,0724,23,20,29
2325769,0724,23,34,20
2360253,0724,23,39,24
2369134,0724,23,44,25
2378847,0725,00,17,
2378782,0724,23,59,23
2379210,0725,00,03,42
2378747,0725,00,41,38
2356145,0725,00,19,29
2378898,0725,00,21,34
2376337,0725,00,30,27
2377014,0725,00,33,31
2377021,0725,00,33,31
2378542,0725,00,36,
2378514,0725,00,43,24
2368201,0725,00,58,
2378342,0725,01,03,36
2374337,0725,01,03,
2378923,0725,01,06,33
2378982,0725,01,17,44
2378767,0725,01,17,16
2379087,0725,01,22,
2373366,0725,01,25,35
2375992,0725,01,59,39
2378888,0725,02,03,22
2377889,0725,01,40,16
2378483,0725,01,42,
2368870,0725,01,46,48
2378927,0725,01,47,42
2368851,0725,02,02,34
2379106,0725,02,06,44
2378060,0725,02,07,26
2368606,0725,02,07,
2373789,0725,02,13,17
2376782,0725,02,14,22
2378341,0725,02,17,82
2379332,0725,02,17,82
2378415,0725,02,27,
2377506,0725,02,32,22
2369488,0725,02,33,44
2378214,0725,02,34,38
2378380,0725,02,56,67
2379354,0725,09,28,32
2379821,0725,11,04,38
2379423,0725,12,06,25
2380049,0725,12,15,
2377447,0725,12,46,
2377166,0725,13,23,
2379118,0725,14,09,44
2377297,0725,14,16,
2379784,0725,14,27,38
2379918,0725,15,30,45
2379909,0725,15,30,45
2380623,0725,16,23,27
2363085,0725,16,26,42
2380088,0725,16,55,34
2380128,0725,16,59,34
2380391,0725,16,44,34
2380368,0725,16,52,
2379984,0725,16,53,32
2380489,0725,18,10,38
2380519,0725,18,44,
2381001,0725,18,44,
2377536,0725,18,25,46
2379410,0725,18,34,
2322457,0725,19,33,
2380655,0725,20,14,35
2380382,0725,20,03,
2381264,0725,20,27,22
2380903,0725,21,10,29
2376922,0725,20,47,29
2376443,0725,21,16,35
2376617,0725,21,27,33
2380557,0725,21,41,34
2380726,0725,22,25,34
2368112,0725,22,37,
2381745,0725,23,25,
2380404,0725,22,58,34
2346242,0725,22,58,38
2377469,0725,23,04,21
2381123,0725,23,07,
2381445,0725,23,11,36
2375150,0725,23,19,
2381071,0725,23,46,30
2380600,0725,23,57,
2381020,0726,00,00,
2381797,0726,00,31,
2379226,0726,00,22,34
2377994,0726,00,46,38
2381725,0726,01,11,
2381397,0726,01,46,32
2379344,0726,01,24,18
2381872,0726,01,32,36
2379440,0726,01,45,39
2380423,0726,02,16,
2381620,0726,01,59,38
2380365,0726,01,59,
2381185,0726,01,59,
2381899,0726,02,01,
2378738,0726,02,38,61
2381379,0726,02,12,
2381017,0726,02,29,19
2381792,0726,02,32,
2381613,0726,02,41,39
2379180,0726,02,41,
2380431,0726,02,42,26
2381313,0726,02,43,27
2381908,0726,02,47,37
2371308,0726,09,09,30
2381271,0726,11,04,
2374537,0726,12,46,34
2380785,0726,12,59,35
2370654,0726,14,15,23
2299947,0726,14,57,28
2382618,0726,15,49,29
2380840,0726,16,45,38
2382836,0726,17,29,18
2373222,0726,17,33,32
2382752,0726,17,40,29
2362230,0726,17,43,42
2380986,0726,18,34,38
2368506,0726,18,29,
2383313,0726,19,19,
2382052,0726,18,57,
2383145,0726,18,58,28
2383029,0726,19,16,
2379279,0726,19,36,
2383280,0726,20,27,
2384028,0726,20,48,31
2383356,0726,20,52,
2383571,0726,21,10,27
2383155,0726,22,26,22
2381983,0726,22,49,32
2381111,0726,23,20,27
2383535,0726,23,25,32
2383757,0726,23,35,30
2383887,0727,00,10,28
2367651,0727,00,18,33
2384271,0727,00,29,
2383948,0727,00,31,
2383238,0727,00,34,
2381381,0727,01,15,
2384279,0727,00,48,
2384168,0727,00,48,17
2382222,0727,00,52,21
2384403,0727,00,59,
2384375,0727,00,59,
2384065,0727,01,04,33
2384451,0727,01,10,25
2384189,0727,01,41,33
2383480,0727,01,23,
2381829,0727,01,26,49
2383616,0727,01,28,
2380156,0727,01,49,16
2381622,0727,01,55,
2369883,0727,01,58,
2384031,0727,02,22,
2371605,0727,02,39,
2384180,0727,02,42,
2382713,0727,02,46,
2384737,0727,09,44,22
2385230,0727,11,27,12
2376141,0727,12,17,32
2384839,0727,12,51,
2367775,0727,14,04,40
2384479,0727,14,16,
2376644,0727,15,12,
2378167,0727,14,57,31
2372599,0727,17,19,
2386005,0727,17,04,28
2381706,0727,17,35,
2385514,0727,18,10,
2385305,0727,17,44,
2360208,0727,19,16,28
2364138,0727,20,06,
2386047,0727,21,00,
2384882,0727,21,56,
2365884,0727,22,53,33
2385226,0727,23,34,19
2386628,0727,23,38,26
2387063,0727,23,39,83
2382921,0728,00,21,39
2386810,0728,00,08,26
2385973,0728,00,39,
2386546,0728,00,11,
2386521,0728,00,14,
2386598,0728,00,14,47
2383460,0728,00,25,
2386951,0728,00,31,
2386484,0728,00,43,
2382721,0728,00,45,
2378339,0728,00,58,
2387141,0728,01,02,
2386608,0728,01,03,30
2385784,0728,01,04,12
2386589,0728,01,09,33
2382119,0728,01,12,24
2386956,0728,01,12,36
2386821,0728,01,35,
2377205,0728,01,45,
2387163,0728,01,51,
2387034,0728,01,57,
2386625,0728,02,36,25
2375978,0728,02,16,
2387180,0728,02,26,33
2386807,0728,02,34,
2387087,0728,02,35,
2384478,0728,02,35,
2386623,0728,02,57,
2386986,0728,02,59,
2387458,0728,09,49,30
2386157,0728,09,50,
2387202,0728,10,02,
2384011,0728,10,21,
2387254,0728,11,15,
2387435,0728,11,46,
2382195,0728,11,21,
2387810,0728,12,12,44
2361429,0728,13,25,31
2387224,0728,14,24,40
2387759,0728,15,40,39
2387836,0728,15,35,34
2387072,0728,16,12,
2388072,0728,16,17,
2384442,0728,17,32,36
2386436,0728,17,56,
2372113,0728,18,00,47
2386913,0728,18,27,19
2381826,0728,18,55,33
2384547,0728,20,00,
2380510,0728,20,03,35
2388288,0728,20,15,
2383094,0728,20,16,48
2384158,0728,20,33,32
2387547,0728,20,46,
2387820,0728,21,01,
2388598,0728,21,33,35
2388709,0728,21,17,42
2387911,0728,21,18,38
2388279,0728,21,34,36
2378666,0728,21,50,20
2382176,0728,22,23,
2369565,0728,22,43,31
2388643,0728,22,54,20
2389159,0728,23,08,34
2384438,0728,23,10,22
2388504,0728,23,12,24
2388832,0728,23,18,44
2375148,0728,23,30,
2383447,0728,23,57,16
2385107,0729,00,07,
2388013,0729,00,24,
2388990,0729,00,30,
2388891,0729,00,31,37
2388859,0729,00,35,
2388700,0729,00,38,
2389287,0729,00,40,
2388864,0729,00,41,
2389060,0729,00,42,
2384932,0729,00,44,
2388003,0729,00,51,
2388276,0729,00,55,
2382558,0729,00,56,
2385992,0729,01,25,
2389096,0729,01,01,
2387956,0729,01,09,38
2387129,0729,01,09,
2389088,0729,01,10,
2388944,0729,01,17,
2374088,0729,01,23,
2389181,0729,01,26,25
2389082,0729,01,30,26
2388576,0729,01,30,
2369496,0729,01,32,
2389081,0729,01,47,
2389331,0729,02,00,37
2388800,0729,02,05,32
2388729,0729,02,20,
2388779,0729,02,20,
2385477,0729,02,22,
2387520,0729,02,22,
2387637,0729,02,22,
2389132,0729,02,42,
2384890,0729,03,01,
2380763,0729,10,00,32
2389454,0729,10,54,
2389396,0729,11,07,24
2388751,0729,11,33,
2388506,0729,12,41,22
2390093,0729,12,54,
2384531,0729,13,05,
2386762,0729,13,41,42
2389868,0729,13,26,39
2389768,0729,13,34,44
2389433,0729,13,46,31
2390809,0729,18,28,
2390339,0729,18,51,47
2380890,0729,20,45,
2390626,0729,20,48,
2390633,0729,20,48,
2367526,0729,20,53,31
2390862,0729,21,26,
2391139,0729,21,12,41
2389459,0729,21,28,24
2390882,0729,21,29,
2390724,0729,22,01,33
2390424,0729,22,27,
2390112,0729,22,37,43
2391458,0729,22,45,51
2314997,0729,23,18,
2390918,0729,23,03,30
2390920,0729,23,03,30
2391134,0729,23,10,31
2391017,0729,23,16,
2391068,0729,23,39,
2390833,0729,23,39,29
2352655,0729,23,39,29
2388222,0729,23,43,28
2391012,0729,23,48,33
2391182,0729,23,52,37
2382512,0729,23,56,19
2375002,0730,00,02,31
2389496,0730,00,07,
2388081,0730,00,11,
2390897,0730,00,15,54
2388861,0730,00,18,
2389242,0730,00,22,32
2391219,0730,00,22,27
2391043,0730,00,38,
2391602,0730,00,38,24
2391150,0730,00,40,
2380798,0730,00,54,19
2391355,0730,00,57,
2389348,0730,00,58,
2391121,0730,00,59,26
2368468,0730,01,01,
2391343,0730,01,04,
2391335,0730,01,05,
2391148,0730,01,17,
2389986,0730,01,24,
2391366,0730,01,29,22
2327983,0730,01,34,21
2391466,0730,01,36,35
2391421,0730,01,44,37
2391311,0730,01,55,34
2391650,0730,01,59,32
2384370,0730,02,00,
2391651,0730,02,04,
2347276,0730,02,10,
2391058,0730,02,19,42
2391404,0730,02,26,
2374360,0730,02,28,
2391398,0730,02,35,
2338650,0730,02,47,26
2369320,0730,02,58,
2391764,0730,09,01,33
2391773,0730,10,13,
2391834,0730,11,15,29
2391843,0730,11,15,36
2389940,0730,11,52,43
2391801,0730,12,22,35
2391671,0730,12,22,35
2391840,0730,12,27,40
2380981,0730,14,53,27
2388515,0730,15,10,
2347067,0730,15,49,
2392303,0730,15,40,32
2392940,0730,16,26,62
2385911,0730,16,39,38
2388330,0730,16,42,41
2386627,0730,18,57,29
2389257,0730,19,15,
2389903,0730,19,16,
2391444,0730,19,40,41
2390769,0730,19,44,33
2392079,0730,19,59,38
2393295,0730,21,38,
2389762,0730,22,02,32
2393352,0730,22,05,47
2388272,0730,22,20,33
2393328,0730,22,39,
2390304,0730,23,17,46
2390313,0730,23,17,46
2393280,0730,22,52,
2393593,0730,23,15,27
2393563,0730,23,16,
2390850,0730,23,26,35
2381356,0730,23,34,43
2382212,0730,23,36,24
2392633,0730,23,36,
2392344,0730,23,36,45
2390189,0730,23,56,19
2393926,0731,00,04,18
2391856,0731,00,16,
2393236,0731,00,22,20
2393500,0731,00,29,
2391521,0731,00,36,34
2392606,0731,00,37,50
2381002,0731,00,43,
2393589,0731,00,43,
2393963,0731,00,51,
2393985,0731,00,53,
2393794,0731,01,01,28
2392306,0731,01,01,28
2393602,0731,01,05,
2393504,0731,01,17,
2393191,0731,01,23,35
2393738,0731,01,28,37
2391822,0731,01,31,47
2393169,0731,01,41,
2391100,0731,01,49,
2393729,0731,02,04,
2392923,0731,02,07,27
2390693,0731,02,43,
2393861,0731,02,18,41
2394026,0731,02,26,
2388180,0731,02,26,
2383008,0731,02,33,
2378639,0731,02,33,24
2387780,0731,09,07,
2394153,0731,09,40,28
2386142,0731,09,27,29
2394088,0731,09,29,31
2394128,0731,10,07,32
2394393,0731,10,00,48
2392025,0731,10,39,50
2394562,0731,11,10,
2394181,0731,11,32,
2389221,0731,11,41,26
2394693,0731,12,20,
2394801,0731,12,39,27
2394350,0731,12,55,44
2394886,0731,13,12,
2394280,0731,13,21,
2394237,0731,14,00,24
2394560,0731,14,12,21
2394802,0731,15,58,
2394763,0731,15,48,40
2387582,0731,17,12,
2381564,0731,17,51,
2394857,0731,17,53,
2395260,0731,18,13,
2395228,0731,18,13,27
2395632,0731,18,20,
2319447,0731,19,26,
2388038,0731,19,49,31
2395173,0731,20,15,
2395534,0731,20,26,
2389307,0731,20,46,
2395555,0731,21,04,
2386832,0731,21,19,35
2394307,0731,22,41,40
2395607,0731,22,54,
2395652,0731,23,03,30
2396016,0731,23,09,24
2395677,0731,23,13,30
2390905,0731,23,15,33
2395719,0731,23,21,39
2394006,0731,23,41,
2395950,0801,00,13,
2360781,0801,00,14,35
2394264,0801,00,16,
2395955,0801,00,20,
2395902,0801,00,20,56
2395722,0801,00,30,22
2396132,0801,00,45,13
2396051,0801,00,56,
2396220,0801,01,00,
2395715,0801,01,00,
2396177,0801,01,09,31
2395874,0801,01,09,42
2396301,0801,01,41,
2396096,0801,01,17,25
2395022,0801,01,18,
2395325,0801,01,26,23
2395788,0801,01,33,39
2343300,0801,01,41,
2396109,0801,01,49,
2395885,0801,01,50,28
2395733,0801,01,57,
2394402,0801,01,58,
2394805,0801,02,11,
2396198,0801,02,12,21
2384559,0801,02,16,
2395714,0801,02,37,
2396250,0801,02,37,
2396101,0801,02,40,
2393186,0801,03,08,
2396308,0801,03,12,
2384999,0801,10,40,
2396539,0801,10,58,41
2396524,0801,11,00,
2396577,0801,11,09,27
2396571,0801,11,18,
2368084,0801,11,51,
2389732,0801,12,28,31
2396834,0801,13,12,51
2390748,0801,13,15,45
2376142,0801,13,47,34
2391564,0801,15,15,
2396494,0801,15,02,17
2397129,0801,15,30,
2397525,0801,15,22,48
2397177,0801,16,02,36
2396990,0801,15,41,59
2387120,0801,16,24,
2382567,0801,16,45,34
2397395,0801,17,38,36
2397550,0801,18,12,26
2395964,0801,18,19,50
2393193,0801,18,23,
2388325,0801,18,51,
2397179,0801,19,04,21
2397500,0801,19,05,33
2394013,0801,20,09,
2397302,0801,20,24,
2397826,0801,20,00,32
2398063,0801,20,54,50
2396697,0801,20,40,44
2397907,0801,20,47,43
2397635,0801,20,47,24
2392515,0801,22,05,42
2349709,0801,22,26,36
2398220,0801,22,27,
2384983,0801,22,30,
2396112,0801,22,31,
2393071,0801,22,33,
2398191,0801,22,44,22
2367155,0801,22,58,
2396966,0801,22,58,36
2397854,0801,23,04,48
2395060,0801,23,16,58
2398783,0801,23,27,
2391982,0801,23,40,36
2397155,0801,23,44,30
2397829,0801,23,55,45
2398379,0801,23,58,
2397478,0802,00,10,42
2389031,0802,00,11,43
2396213,0802,00,14,
2397261,0802,00,15,18
2398218,0802,00,17,49
2396464,0802,00,23,
2398173,0802,00,24,21
2391954,0802,00,38,
2398475,0802,00,45,33
2394987,0802,00,46,
2396527,0802,00,49,27
2398126,0802,01,08,
2395782,0802,01,11,
2396593,0802,01,11,
2397934,0802,01,16,24
2396424,0802,01,17,
2393605,0802,01,46,28
2397529,0802,01,49,33
2397653,0802,02,00,42
2392742,0802,02,11,16
2398817,0802,02,12,
2394488,0802,02,14,
2365968,0802,09,36,46
2399387,0802,10,31,42
2399016,0802,11,12,39
2397392,0802,10,53,
2399127,0802,11,32,26
2399130,0802,12,20,41
2399720,0802,12,48,60
2398447,0802,13,31,
2399824,0802,13,19,
2400072,0802,15,02,43
2400095,0802,15,38,42
2399503,0802,16,20,38
2400030,0802,18,27,58
2399905,0802,18,49,37
2397461,0802,18,52,
2391859,0802,19,41,38
2384640,0802,19,37,30
2400193,0802,20,19,35
2400770,0802,20,18,32
2399769,0802,20,20,
2400375,0802,20,58,
2392047,0802,20,42,42
2400265,0802,20,44,
2400442,0802,20,59,26
2387895,0802,21,01,34
2394284,0802,21,03,
2400393,0802,21,09,27
2396189,0802,21,22,
2391747,0802,21,33,29
2390260,0802,21,54,
2395454,0802,22,13,49
2398271,0802,22,17,25
2400427,0802,22,22,30
2396317,0802,22,30,
2400024,0802,22,39,
2400262,0802,22,57,34
2396570,0802,23,36,62
2394572,0802,23,40,39
2399770,0802,23,16,61
2400619,0802,23,18,
2400761,0802,23,20,37
2397408,0802,23,20,65
2397409,0802,23,21,66
2397410,0802,23,21,66
2400239,0802,23,23,
2400739,0803,00,12,38
2400702,0802,23,48,
2396241,0802,23,49,
2399932,0802,23,49,
2400672,0802,23,51,
2399807,0802,23,51,
2398898,0802,23,52,35
2360710,0803,00,07,33
2400071,0803,00,25,
2397809,0803,00,55,47
2399216,0803,00,28,50
2373951,0803,00,28,50
2400743,0803,00,45,
2401071,0803,00,50,
2398213,0803,01,30,43
2398724,0803,01,08,28
2399142,0803,01,20,27
2401184,0803,01,21,
2400855,0803,01,27,43
2401105,0803,01,49,
2399060,0803,01,49,
2399876,0803,01,56,16
2399696,0803,02,15,32
2401053,0803,02,18,35
2399147,0803,02,24,30
2400145,0803,02,46,
2400996,0803,02,55,
2399761,0803,02,56,
2397477,0803,03,01,
2401476,0803,09,47,57
2399039,0803,09,57,26
2397293,0803,10,12,
2401459,0803,10,36,28
2397808,0803,11,28,
2391740,0803,12,16,
2400945,0803,12,56,26
2401352,0803,13,10,
2395839,0803,13,38,
2394041,0803,14,00,
2401262,0803,14,23,
2401813,0803,14,52,34
2400422,0803,15,22,44
2401212,0803,15,27,36
2402101,0803,15,40,
2402465,0803,17,47,35
2402535,0803,18,56,30
2400006,0803,19,18,41
2402291,0803,20,01,45
2401237,0803,20,03,41
2403178,0803,20,04,25
2401185,0803,20,31,
2402962,0803,20,41,
2401722,0803,20,47,
2394074,0803,20,56,
2401885,0803,21,10,35
2402919,0803,21,21,38
2402999,0803,21,31,34
2401373,0803,21,41,
2402128,0803,22,22,38
2385070,0803,22,34,48
2385069,0803,22,35,49
2403583,0803,22,38,13
2402152,0803,23,02,37
2381046,0803,23,11,28
2402778,0803,23,33,
2403727,0803,23,40,
2403480,0804,00,38,
2397976,0804,00,12,27
2402707,0804,00,12,21
2403409,0804,00,15,
2403733,0804,00,19,44
2399537,0804,00,28,40
2402749,0804,00,31,18
2363052,0804,00,39,48
2403343,0804,00,40,17
2403329,0804,00,54,26
2399088,0804,00,54,26
2403800,0804,01,08,
2403338,0804,01,09,28
2403163,0804,01,15,30
2403698,0804,01,47,
2367129,0804,01,20,41
2401766,0804,02,08,
2393548,0804,01,41,29
2400426,0804,01,43,
2403071,0804,01,48,30
2394808,0804,01,51,
2403392,0804,02,03,
2402651,0804,02,20,
2403523,0804,02,31,
2402209,0804,02,31,
2402844,0804,02,32,
2403410,0804,02,36,
2402149,0804,02,40,15
2403781,0804,02,40,15
2403837,0804,02,54,
2400876,0804,03,35,65
2403746,0804,03,09,
2403586,0804,03,11,
2403073,0804,03,12,
2400890,0804,03,34,64
2402050,0804,03,35,65
2400928,0804,03,35,65
2375112,0804,09,23,36
2375113,0804,09,23,36
2404069,0804,09,26,39
2381601,0804,09,33,36
2381602,0804,09,33,36
2403887,0804,10,07,
2402850,0804,10,24,
2404170,0804,10,13,41
2402873,0804,10,13,37
2388562,0804,10,52,
2404158,0804,11,04,46
2402833,0804,11,34,36
2402013,0804,11,12,
2402862,0804,11,23,
2404271,0804,12,14,33
2392448,0804,12,41,26
2402810,0804,12,42,45
2389701,0804,13,27,26
2403280,0804,13,28,27
2402815,0804,13,33,37
2388208,0804,14,23,
2402822,0804,14,45,41
2402910,0804,15,47,
2389363,0804,16,58,26
2404548,0804,16,59,
2401697,0804,17,16,42
2404830,0804,18,17,28
2398233,0804,19,51,
2405174,0804,20,21,
2401991,0804,20,46,
2404755,0804,22,21,
2404029,0804,23,10,26
2402629,0804,22,48,
2404777,0804,22,51,
2401410,0804,22,52,
2405392,0804,23,04,31
2394578,0804,23,07,34
2405592,0804,23,36,39
2393453,0804,23,10,
2405599,0804,23,21,44
2405555,0804,23,22,45
2404883,0804,23,52,32
2405227,0804,23,52,32
2399691,0805,00,09,
2405507,0805,00,11,58
2405552,0805,00,16,25
2405511,0805,00,29,
2402690,0805,00,31,
2405060,0805,00,34,
2405951,0805,00,42,26
2365879,0805,00,45,29
2369947,0805,00,50,46
2405634,0805,00,51,
2402118,0805,00,52,
2405095,0805,01,05,
2385621,0805,01,06,
2399908,0805,01,22,31
2405219,0805,01,24,32
2405783,0805,02,03,
2402669,0805,01,34,
2405472,0805,01,35,
2404828,0805,01,35,
2405439,0805,01,39,41
2405764,0805,01,49,
2405870,0805,01,55,50
2405020,0805,02,12,41
2405832,0805,02,29,37
2400359,0805,02,49,
2405410,0805,02,53,
2405755,0805,02,56,32
2402231,0805,02,56,
2403997,0805,10,54,
2401112,0805,10,53,51
2389372,0805,11,06,
2406184,0805,11,47,30
2406474,0805,14,42,47
2406508,0805,14,37,28
2405175,0805,14,58,
2406737,0805,15,16,37
2387825,0805,16,10,53
2407355,0805,17,53,42
2406915,0805,17,56,
2407420,0805,18,26,34
2406702,0805,18,03,26
2406946,0805,18,54,
2406223,0805,19,03,34
2407229,0805,20,08,37
2407368,0805,19,59,
2406885,0805,20,26,
2406899,0805,20,38,45
2407725,0805,20,40,41
2407746,0805,20,42,49
2402286,0805,20,44,
2407106,0805,21,21,
2406141,0805,21,26,30
2405566,0805,21,28,41
2398979,0805,22,01,55
2404183,0805,22,01,43
2401390,0805,23,13,
2406131,0805,22,44,60
2406834,0805,22,44,43
2382346,0805,22,45,30
2407410,0805,23,17,
2406874,0805,23,23,18
2407440,0805,23,26,21
2387857,0805,23,27,25
2385616,0805,23,34,28
2407416,0805,23,37,31
2407548,0805,23,39,41
2407066,0805,23,40,24
2407796,0806,00,10,21
2397865,0806,00,13,
2408158,0806,00,16,
2408139,0806,00,18,30
2407787,0806,00,22,38
2407699,0806,00,26,
2407360,0806,00,30,
2408098,0806,00,33,
2402267,0806,01,20,
2407257,0806,00,57,31
2407220,0806,01,03,32
2408013,0806,01,12,
2406175,0806,01,21,30
2408032,0806,01,29,48
2390011,0806,01,44,32
2406715,0806,01,47,
2405415,0806,01,48,
2407392,0806,01,57,
2405797,0806,02,07,
2408248,0806,02,15,
2407840,0806,02,16,27
2408250,0806,02,18,
2407722,0806,02,31,
2408251,0806,02,32,
2407689,0806,02,43,38
2407909,0806,02,45,29
2405916,0806,02,48,
2406929,0806,02,52,
2407939,0806,02,59,
2406869,0806,03,00,
2404815,0806,03,01,28
2407816,0806,09,00,71
2386638,0806,10,43,39
2403465,0806,10,19,38
2357846,0806,10,52,44
2395348,0806,11,15,
2408370,0806,10,55,
2395293,0806,11,43,38
2408131,0806,12,31,
2408622,0806,12,37,30
2408573,0806,13,17,
2404956,0806,13,41,
2407804,0806,13,42,
2408578,0806,14,10,
2408491,0806,14,55,51
2409304,0806,15,27,34
2398531,0806,15,14,41
2407324,0806,16,05,
2409443,0806,16,36,28
2408913,0806,17,16,31
2408528,0806,16,53,
2407927,0806,18,14,31
2366821,0806,19,27,
2409619,0806,21,35,47
2409278,0806,21,11,28
2395670,0806,21,42,37
2409502,0806,21,15,38
2409509,0806,21,38,22
2409691,0806,21,38,50
2409724,0806,22,07,25
2408140,0806,22,27,
2381978,0806,23,21,
2410271,0806,23,01,47
2385429,0806,23,20,57
2410064,0806,23,20,25
2408633,0806,23,23,
2410060,0806,23,36,34
2409998,0807,00,23,
2394514,0807,00,24,
2409447,0807,00,28,56
2409456,0807,00,57,51
2409494,0807,00,32,
2403189,0807,00,35,
2406782,0807,00,40,28
2404963,0807,00,53,37
2408869,0807,01,00,20
2403553,0807,01,03,23
2410425,0807,01,08,
2396064,0807,01,09,39
2383574,0807,01,13,
2410273,0807,01,17,
2410024,0807,01,17,70
2409414,0807,01,22,53
2410140,0807,01,22,
2410099,0807,01,27,44
2409966,0807,01,30,23
2406764,0807,01,33,34
2406601,0807,01,38,
2403959,0807,01,41,
2405995,0807,01,46,
2409935,0807,01,58,
2382351,0807,01,58,
2409222,0807,02,00,27
2408213,0807,02,04,29
2410292,0807,02,07,29
2410448,0807,02,09,
2403615,0807,02,18,
2408470,0807,02,33,
2410103,0807,02,34,
2408964,0807,02,47,34
2400081,0807,03,06,36
2410510,0807,09,10,
2410779,0807,10,13,33
2410605,0807,11,20,35
2410493,0807,12,17,
2406755,0807,13,01,
2409504,0807,14,17,
2407362,0807,13,58,35
2410308,0807,14,33,50
2407673,0807,14,59,32
2409516,0807,15,00,
2401343,0807,15,28,36
2409277,0807,16,43,34
2409135,0807,16,45,27
2411266,0807,17,00,27
2411411,0807,17,07,30
2351755,0807,18,14,42
2409437,0807,18,53,
2411552,0807,19,40,
2410544,0807,19,59,43
2410630,0807,19,40,
2411631,0807,20,10,50
2397655,0807,20,34,51
2411526,0807,20,47,46
2411615,0807,21,04,
2411849,0807,21,37,43
2403241,0807,21,58,25
2409733,0807,22,28,16
2401369,0807,22,08,39
2412084,0807,23,02,
2405974,0807,22,35,60
2411656,0807,22,57,47
2412056,0807,23,04,
2412630,0807,23,36,52
2411608,0807,23,12,
2384653,0807,23,12,
2412157,0807,23,26,42
2412632,0807,23,36,52
2412678,0808,00,12,
2402984,0807,23,49,29
2412369,0808,00,08,27
2412675,0808,00,09,
2406993,0808,00,12,35
2391303,0808,00,17,46
2412451,0808,00,20,
2412425,0808,00,21,36
2412310,0808,00,23,
2401685,0808,00,23,31
2412098,0808,00,33,22
2412218,0808,00,49,
2402129,0808,00,59,55
2412323,0808,01,03,
2412732,0808,01,21,
2401302,0808,01,27,21
2412134,0808,01,37,49
2399668,0808,01,45,
2398668,0808,01,51,
2412397,0808,01,54,
2412426,0808,01,55,
2412744,0808,02,01,
2411901,0808,02,02,22
2412365,0808,02,09,
2412595,0808,02,17,56
2410566,0808,02,18,38
2411095,0808,02,27,
2411970,0808,02,45,35
2412469,0808,02,54,
2411823,0808,02,55,
2413031,0808,10,08,55
2412899,0808,10,10,30
2412804,0808,11,33,28
2412622,0808,11,48,
2412987,0808,12,04,36
2412793,0808,12,16,43
2411642,0808,13,21,40
2413647,0808,14,45,45
2401856,0808,15,09,51
2409898,0808,15,17,
2413374,0808,15,42,50
2414087,0808,19,13,
2412709,0808,19,13,26
2413739,0808,19,23,
2413657,0808,20,04,26
2412606,0808,20,06,
2413080,0808,20,12,31
2414279,0808,21,08,31
2414037,0808,21,57,50
2414109,0808,22,32,28
2414522,0808,23,22,45
2414887,0808,22,57,41
2414169,0808,22,59,
2348712,0808,23,13,27
2411278,0808,23,16,
2414979,0808,23,24,47
2410321,0808,23,31,48
2410325,0808,23,32,49
2414988,0808,23,32,
2414969,0808,23,33,22
2410591,0808,23,39,
2413662,0809,00,08,41
2413581,0809,00,09,44
2414630,0809,00,12,
2414285,0809,00,20,
2412193,0809,00,29,
2413820,0809,00,59,35
2413617,0809,00,31,44
2412741,0809,00,33,
2414935,0809,00,34,31
2412958,0809,00,34,29
2414147,0809,00,43,38
2413487,0809,00,43,24
2413104,0809,00,44,43
2368748,0809,01,14,55
2414685,0809,00,51,27
2412915,0809,00,54,
2414530,0809,00,54,
2414741,0809,01,25,41
2414674,0809,00,58,
2414947,0809,01,35,26
2413765,0809,01,15,50
2414765,0809,01,18,
2414694,0809,01,21,33
2414528,0809,01,23,34
2414642,0809,01,38,44
2414056,0809,01,49,
2414325,0809,01,50,
2413484,0809,01,52,43
2412030,0809,02,05,
2413683,0809,02,16,29
2414540,0809,02,23,32
2414735,0809,02,26,
2396685,0809,02,26,37
2412264,0809,02,32,
2414832,0809,02,35,
2413273,0809,02,37,
2414485,0809,02,49,
2414253,0809,09,43,33
2413320,0809,09,44,30
2414477,0809,11,13,
2414219,0809,11,14,36
2415543,0809,14,02,27
2408318,0809,15,04,44
2405914,0809,16,07,36
2416147,0809,17,56,44
2379706,0809,17,31,
2415966,0809,19,04,
2388285,0809,20,34,43
2377465,0809,20,41,41
2409941,0809,21,01,46
2415374,0809,21,26,37
2417091,0809,21,28,39
2407631,0809,22,14,40
2416215,0809,22,38,48
2409413,0809,22,38,48
2411293,0809,22,38,36
2416674,0809,22,38,36
2416644,0809,22,48,39
2415142,0809,23,28,39
2414235,0809,23,51,
2384764,0809,23,37,29
2417083,0809,23,55,31
2416489,0810,00,26,
2416578,0810,00,03,
2417074,0810,00,07,
2409066,0810,00,45,
2415338,0810,00,53,47
2415935,0810,00,31,
2416846,0810,00,32,28
2417075,0810,00,34,26
2415228,0810,00,39,22
2414113,0810,00,45,37
2417427,0810,00,47,55
2416490,0810,01,04,36
2402463,0810,01,11,54
2414110,0810,01,22,
2417068,0810,01,25,36
2416859,0810,01,29,35
2416347,0810,01,30,41
2414917,0810,01,32,
2413619,0810,01,33,
2414509,0810,01,56,
2404036,0810,01,57,49
2409122,0810,02,00,
2415420,0810,02,33,41
2417376,0810,02,05,
2416315,0810,02,11,
2417306,0810,02,15,
2415191,0810,02,32,
2417477,0810,02,35,
2415584,0810,02,41,47
2414895,0810,02,47,
2414178,0810,09,41,27
2417656,0810,10,54,36
2417536,0810,10,47,
2414876,0810,11,19,35
2417612,0810,11,21,28
2417648,0810,11,28,34
2415721,0810,11,14,
2418024,0810,11,17,43
2416873,0810,11,20,36
2417092,0810,12,16,44
2417582,0810,11,51,28
2416322,0810,12,32,29
2413438,0810,13,00,35
2417728,0810,12,38,29
2418260,0810,12,57,21
2418276,0810,13,02,28
2417531,0810,13,28,30
2414861,0810,13,57,31
2418019,0810,14,32,
2413699,0810,14,25,35
2417929,0810,15,11,37
2413695,0810,15,20,20
2416616,0810,16,09,38
2418205,0810,16,48,49
2417392,0810,17,12,33
2418541,0810,17,27,39
2415641,0810,18,04,
2414794,0810,18,46,26
2418649,0810,18,56,41
2418861,0810,19,50,43
2417488,0810,21,36,
2418610,0810,21,31,
2418745,0810,21,42,
2419590,0810,22,02,43
2384894,0810,22,31,37
2415689,0810,22,16,
2415712,0810,22,21,36
2418443,0810,22,58,
2405596,0810,23,06,
2418280,0810,23,39,34
2419348,0810,23,49,
2419584,0810,23,51,27
2419195,0811,00,05,
2387057,0811,00,08,44
2419061,0811,00,19,
2419447,0811,00,27,29
2405455,0811,00,30,30
2410620,0811,00,30,
2419862,0811,00,38,60
2419605,0811,01,05,61
2408958,0811,00,42,21
2404697,0811,00,43,36
2418298,0811,00,45,31
2419651,0811,00,51,
2415000,0811,00,51,24
2418282,0811,00,52,
2416905,0811,00,53,49
2419152,0811,00,59,43
2419888,0811,00,59,
2419378,0811,01,12,30
2419553,0811,01,13,22
2418653,0811,01,16,
2338375,0811,01,37,
2419934,0811,01,37,25
2419434,0811,01,46,29
2417587,0811,01,51,25
2419335,0811,01,52,21
2409778,0811,01,54,23
2418723,0811,01,54,42
2418904,0811,01,58,27
2419267,0811,02,00,
2414844,0811,02,04,
2419720,0811,02,07,42
2419372,0811,02,12,
2419741,0811,02,20,38
2419453,0811,02,21,44
2416624,0811,02,22,
2419726,0811,02,56,
2419830,0811,09,28,32
2418681,0811,09,27,29
2416387,0811,10,10,
2408353,0811,10,24,42
2401860,0811,11,06,28
2413259,0811,11,16,
2420572,0811,12,16,43
2417152,0811,12,16,27
2420592,0811,11,58,
2388269,0811,12,07,48
2416775,0811,12,39,45
2419843,0811,13,20,36
2380520,0811,13,37,
2419246,0811,13,47,50
2420394,0811,14,23,45
2415752,0811,14,26,54
2416368,0811,15,12,35
2418785,0811,15,13,36
2418638,0811,15,46,54
2400794,0811,16,28,34
2416743,0811,16,46,71
2421315,0811,17,38,
2418403,0811,18,39,36
2415776,0811,18,32,26
2420675,0811,19,04,
2414698,0811,19,27,35
2414913,0811,19,36,
2420627,0811,20,25,32
2421322,0811,20,14,
2421229,0811,20,15,
2417606,0811,21,08,
2419594,0811,21,39,42
2421863,0811,21,40,56
2421370,0811,21,54,33
2367698,0811,22,55,40
2421430,0811,22,27,
2420221,0811,22,29,29
2421490,0811,22,31,31
2419412,0811,22,57,48
2419749,0811,23,05,42
2420852,0811,23,07,
2421578,0811,23,08,
2421423,0811,23,14,39
2421316,0811,23,18,
2419251,0811,23,21,
2420477,0811,23,35,
2421171,0811,23,53,29
2421830,0812,00,00,
2416572,0812,00,09,
2407173,0812,00,12,
2422093,0812,00,21,
2421861,0812,00,22,
2421384,0812,00,34,36
2421617,0812,01,09,43
2421676,0812,01,10,
2421648,0812,00,51,43
2421834,0812,01,36,37
2422003,0812,01,07,
2421612,0812,01,09,43
2421807,0812,01,11,
2421935,0812,01,19,25
2421820,0812,01,23,46
2418206,0812,01,23,
2422130,0812,01,25,
2421708,0812,01,37,
2421716,0812,01,37,
2418968,0812,02,00,48
2420525,0812,02,30,28
2422042,0812,02,41,39
2420057,0812,02,46,75
2421748,0812,02,47,44
2422006,0812,02,53,
2414238,0812,02,53,35
2420818,0812,02,57,
2421310,0812,09,05,7
2384014,0812,09,37,39
2422257,0812,10,14,38
2422256,0812,10,52,36
2421844,0812,11,07,38
2412952,0812,13,01,39
2422480,0812,13,13,
2421553,0812,13,35,40
2422415,0812,13,42,
2422440,0812,13,48,
2410032,0812,14,03,
2410031,0812,14,03,
2421606,0812,19,00,42
2423246,0812,19,08,38
2422142,0812,19,17,31
2394788,0812,19,43,60
2422002,0812,19,49,35
2423501,0812,20,16,
2423220,0812,20,49,
2423540,0812,20,43,25
2423643,0812,21,04,30
2418149,0812,21,08,
2423489,0812,21,10,
2423546,0812,21,56,
2422675,0812,22,03,18
2420530,0812,22,08,
2423712,0812,22,15,31
2417922,0812,22,16,31
2418002,0812,22,26,42
2423517,0812,22,32,
2423075,0812,22,38,54
2403721,0812,22,47,
2418389,0812,22,58,39
2423201,0812,23,12,45
2423877,0812,23,26,
2416882,0812,23,32,26
2423849,0812,23,37,
2422110,0812,23,42,
2422329,0812,23,49,
2421551,0813,00,20,37
2422595,0812,23,53,22
2423586,0812,23,56,
2422913,0812,23,59,19
2421953,0813,00,00,
2423858,0813,00,01,
2413636,0813,00,05,34
2424002,0813,00,18,30
2421949,0813,00,18,30
2424333,0813,00,22,32
2423869,0813,00,29,20
2422914,0813,00,46,24
2423108,0813,00,48,23
2417833,0813,00,48,30
2424079,0813,00,50,32
2423163,0813,00,56,
2423335,0813,00,57,
2423023,0813,00,58,
2423902,0813,00,59,
2422467,0813,01,08,
2423793,0813,01,16,
2422446,0813,01,16,
2421995,0813,01,17,35
2418942,0813,02,00,
2420450,0813,01,36,30
2422215,0813,01,41,26
2422520,0813,01,53,24
2357058,0813,01,56,
2424023,0813,02,00,
2424206,0813,02,01,
2424227,0813,02,03,
2420146,0813,02,03,38
2424236,0813,02,06,32
2420654,0813,02,12,
2418311,0813,02,45,
2423993,0813,02,49,52
2423560,0813,02,58,26
2423199,0813,09,41,31
2422907,0813,10,48,38
2420082,0813,11,27,
2399787,0813,11,52,51
2423559,0813,12,06,46
2416454,0813,12,43,33
2423898,0813,13,03,34
2424535,0813,15,12,
2421284,0813,15,13,45
2423894,0813,15,55,
2418058,0813,16,24,69
2423176,0813,16,53,39
2425359,0813,17,43,28
2425265,0813,18,30,
2425508,0813,19,51,41
2424267,0813,19,59,
2426260,0813,20,56,38
2425153,0813,20,36,
2425818,0813,21,03,32
2424545,0813,21,14,
2425769,0813,21,15,28
2425782,0813,21,19,32
2422509,0813,21,55,26
2425901,0813,22,14,21
2425817,0813,22,55,25
2416649,0813,22,26,31
2423658,0813,22,39,45
2385312,0813,22,40,
2410764,0813,22,51,
2425203,0813,22,51,
2426081,0813,23,25,
2426505,0813,22,57,
2417008,0813,22,58,
2425015,0813,23,05,
2426021,0813,23,09,
2426059,0813,23,11,25
2410888,0813,23,13,47
2426603,0813,23,15,34
2426598,0813,23,17,51
2425880,0813,23,48,48
2423588,0813,23,20,24
2417631,0813,23,25,
2401787,0813,23,32,22
2425970,0813,23,34,45
2426201,0813,23,34,27
2410894,0813,23,37,31
2422999,0814,00,04,30
2423130,0814,00,12,
2424696,0814,00,44,29
2425878,0814,00,16,34
2426027,0814,00,21,21
2425271,0814,00,22,22
2426026,0814,00,26,26
2422179,0814,00,38,50
2425614,0814,01,08,63
2425938,0814,00,40,21
2390330,0814,00,42,23
2426405,0814,00,56,31
2426700,0814,00,57,32
2425523,0814,01,01,60
2416257,0814,01,02,22
2426384,0814,01,11,
2426716,0814,01,21,36
2426576,0814,01,24,39
2426452,0814,01,38,
2426325,0814,02,14,43
2426194,0814,02,14,43
2426296,0814,01,57,
2426432,0814,02,01,43
2424202,0814,02,08,43
2424624,0814,02,08,37
2425196,0814,02,18,
2413870,0814,02,27,
2425078,0814,02,32,27
2394709,0814,02,41,36
2412309,0814,02,41,38
2426285,0814,02,51,
2426507,0814,02,55,
2422811,0814,03,05,
2426860,0814,10,30,31
2426883,0814,10,48,
2423548,0814,12,50,33
2427223,0814,14,02,43
2427039,0814,14,03,
2408486,0814,15,11,
2427396,0814,15,44,30
2410939,0814,16,10,35
2426398,0814,17,52,
2424885,0814,19,28,54
2428042,0814,19,52,37
2415988,0814,19,54,
2423257,0814,20,10,40
2428565,0814,20,13,
2428293,0814,21,10,30
2428360,0814,21,18,33
2427086,0814,20,51,
2427450,0814,20,56,37
2428316,0814,20,58,
2428371,0814,21,05,
2421134,0814,21,06,40
2425076,0814,21,25,
2427369,0814,21,26,28
2410987,0814,21,28,32
2402624,0814,21,32,36
2428212,0814,21,40,
2426277,0814,21,41,43
2424575,0814,22,28,
2420594,0814,23,13,40
2428067,0814,23,19,
2428670,0814,23,24,24
2428558,0814,23,30,
2428445,0814,23,34,34
2413188,0814,23,38,58
2428625,0815,00,02,16
2428301,0815,00,07,30
2428304,0815,00,07,30
2426887,0815,00,15,36
2429099,0815,00,16,23
2428751,0815,00,25,
2428833,0815,00,27,29
2429109,0815,00,30,37
2423913,0815,00,38,
2428381,0815,00,43,22
2428753,0815,00,57,22
2427628,0815,01,06,42
2401299,0815,01,16,
2426893,0815,01,16,43
2428808,0815,01,22,
2428501,0815,01,25,33
2428454,0815,01,42,36
2426904,0815,01,47,23
2428641,0815,01,55,
2428619,0815,01,56,
2428102,0815,02,00,34
2427662,0815,02,15,33
2429037,0815,02,29,
2428402,0815,02,31,26
2428589,0815,02,45,19
2410789,0815,02,52,
2429111,0815,08,57,27
2426670,0815,09,11,
2428543,0815,09,40,23
2427334,0815,10,26,48
2429219,0815,11,12,34
2425104,0815,13,35,28
2425531,0815,13,46,
2429465,0815,15,00,35
2429727,0815,15,15,
2429913,0815,16,15,37
2429891,0815,16,39,22
2430581,0815,17,39,38
2430276,0815,19,07,
2430275,0815,19,22,
2429914,0815,20,12,
2427116,0815,20,10,30
2429750,0815,20,12,23
2428875,0815,20,19,
2429757,0815,21,16,
2429025,0815,20,53,34
2430358,0815,21,04,42
2429763,0815,21,17,
2427917,0815,21,22,
2426695,0815,21,30,29
2428065,0815,21,39,33
2393080,0815,22,13,
2431230,0815,21,50,44
2431228,0815,21,52,33
2429567,0815,22,10,36
2413302,0815,22,12,
2423207,0815,22,52,18
2425458,0815,22,56,41
2431385,0815,22,57,42
2428417,0815,22,57,
2428327,0815,23,00,24
2430805,0815,23,01,25
2430980,0815,23,05,
2428369,0815,23,12,27
2429457,0815,23,22,
2426378,0815,23,22,
2431452,0815,23,33,35
2391241,0815,23,49,36
2407242,0815,23,51,
2429718,0815,23,53,
2430824,0816,00,25,
2431170,0816,00,25,21
2430634,0816,00,32,
2428189,0816,00,46,22
2427291,0816,00,48,
2420999,0816,00,54,34
2366158,0816,01,05,
2430975,0816,01,09,
2429303,0816,01,23,
2431138,0816,01,24,29
2429117,0816,01,28,35
2431160,0816,01,36,
2431380,0816,01,40,
2431308,0816,01,45,
2431068,0816,01,45,
2429715,0816,01,48,
2431425,0816,01,49,
2426210,0816,01,51,35
2427906,0816,01,56,
2426599,0816,02,34,52
2431065,0816,02,10,
2430707,0816,02,10,
2430930,0816,02,15,
2409912,0816,02,21,
2430617,0816,02,24,33
2431344,0816,02,24,51
2430048,0816,02,30,48
2431039,0816,02,34,29
2431743,0816,10,18,
2431712,0816,10,14,
2428899,0816,10,21,37
2429799,0816,10,28,
2426703,0816,11,01,
2431700,0816,11,05,
2431713,0816,11,16,31
2431450,0816,11,49,20
2432264,0816,12,02,
2432522,0816,14,02,
2394758,0816,14,41,34
2399146,0816,14,56,32
2429026,0816,15,12,
2432521,0816,16,42,27
2431156,0816,17,18,48
2433023,0816,17,31,22
2432929,0816,18,55,
2433231,0816,18,56,32
2433009,0816,20,12,35
2433527,0816,20,50,23
2433057,0816,21,05,
2427553,0816,21,50,45
2431961,0816,22,42,47
2432997,0816,22,23,38
2433288,0816,22,24,
2418550,0816,22,28,22
2429628,0816,23,05,37
2427531,0816,22,52,34
2433425,0816,23,02,33
2433577,0816,23,09,25
2431456,0816,23,11,42
2433515,0816,23,48,48
2414072,0816,23,34,34
2432269,0816,23,41,36
2430884,0816,23,42,35
2432075,0817,00,12,
2433631,0816,23,44,
2429969,0816,23,45,
2429976,0816,23,50,
2431946,0816,23,57,
2431442,0817,00,05,20
2432597,0817,00,07,32
2433374,0817,00,12,
2413594,0817,00,13,34
2433608,0817,00,32,23
2433726,0817,00,38,22
2430148,0817,00,39,42
2433414,0817,00,49,58
2432245,0817,00,50,28
2432545,0817,00,57,31
2419880,0817,01,30,48
2433377,0817,01,04,33
2433883,0817,01,05,25
2418265,0817,01,38,
2428539,0817,01,12,32
2433764,0817,01,24,
2432640,0817,01,27,
2433693,0817,01,28,
2433873,0817,01,33,24
2433513,0817,01,37,
2433107,0817,02,08,22
2433358,0817,02,10,
2433827,0817,02,11,35
2432006,0817,01,55,
2432548,0817,01,55,
2430503,0817,02,05,29
2433378,0817,02,15,29
2433808,0817,02,41,
2433895,0817,02,46,
2432250,0817,02,26,24
2431341,0817,02,47,
2429137,0817,02,48,31
2432833,0817,09,58,36
2434163,0817,10,35,37
2434172,0817,10,47,42
2434183,0817,10,57,
2427058,0817,11,15,45
2432447,0817,11,35,36
2431887,0817,12,55,29
2431930,0817,13,01,21
2434309,0817,13,08,46
2428705,0817,13,13,
2434409,0817,13,44,
2430255,0817,14,34,
2433115,0817,14,47,33
2434448,0817,14,56,31
2418006,0817,15,29,30
2433813,0817,16,35,21
2434707,0817,17,40,30
2431455,0817,18,11,41
2435652,0817,19,01,
2435350,0817,19,23,33
2434995,0817,20,31,
2435334,0817,20,49,36
2435411,0817,20,59,43
2429392,0817,21,15,33
2435547,0817,21,54,36
2435820,0817,22,12,36
2394916,0817,21,59,57
2436095,0817,21,59,
2435984,0817,23,30,
2435897,0817,23,21,37
2434830,0817,23,23,28
2427525,0817,23,25,
2435902,0817,23,26,35
2434217,0817,23,35,27
2410275,0817,23,37,42
2436279,0817,23,39,
2431860,0817,23,42,
2436291,0817,23,46,31
2398807,0818,00,18,23
2398586,0818,00,19,24
2435954,0818,00,53,38
2436011,0818,00,41,26
2435152,0818,00,50,
2434271,0818,00,50,19
2436210,0818,01,19,27
2435884,0818,00,52,23
2436063,0818,01,17,
2436390,0818,01,19,34
2435966,0818,01,24,20
2412049,0818,00,57,
2435821,0818,01,04,
2434810,0818,01,04,
2407678,0818,01,11,28
2428460,0818,01,11,
2436050,0818,01,12,
2435758,0818,01,24,20
2435733,0818,01,25,24
2429729,0818,01,34,
2436184,0818,01,51,25
2436020,0818,02,02,
2416724,0818,02,07,39
2432460,0818,02,20,
2434655,0818,02,30,33
2426424,0818,02,33,55
2436019,0818,02,33,55
2435958,0818,02,39,
2436165,0818,02,45,
2429562,0818,02,46,
2435561,0818,02,46,
2430643,0818,02,46,
2395741,0818,02,50,
2436492,0818,09,53,33
2436052,0818,10,06,31
2432544,0818,10,30,42
2424838,0818,10,32,
2435589,0818,11,17,41
2437118,0818,13,18,
2436618,0818,13,54,33
2434243,0818,14,22,
2437388,0818,14,57,
2435362,0818,16,10,
2437529,0818,16,23,87
2431226,0818,16,39,74
2437874,0818,18,34,47
2420523,0818,19,19,25
2432420,0818,19,21,36
2422861,0818,19,34,36
2438032,0818,19,37,
2437514,0818,19,40,
2435654,0818,19,54,36
2437557,0818,19,57,32
2432965,0818,20,07,
2437421,0818,20,22,
2427303,0818,21,02,29
2398635,0818,20,52,
2437706,0818,20,58,
2437803,0818,21,11,81
2436042,0818,21,11,
2413292,0818,21,47,29
2435525,0818,21,21,44
2433371,0818,22,14,38
2395768,0818,22,44,
2435775,0818,22,26,27
2430175,0818,22,57,38
2438409,0818,22,58,
2437005,0818,22,39,40
2438340,0818,22,44,
2438007,0818,23,27,37
2437712,0818,23,07,35
2431631,0818,23,32,
2437838,0818,23,11,36
2434887,0818,23,20,37
2431013,0818,23,26,31
2437124,0818,23,31,
2437906,0819,00,25,29
2438232,0819,00,27,
2420907,0819,00,29,
2434180,0819,00,42,34
2438506,0819,00,57,49
2433419,0819,01,00,
2432448,0819,01,01,36
2427124,0819,01,12,34
2435545,0819,01,22,
2438000,0819,01,26,
2438051,0819,02,18,
2434018,0819,02,19,
2438470,0819,02,33,
2438310,0819,02,33,
2418933,0819,02,50,26
2438657,0819,10,33,
2438447,0819,10,43,40
2437574,0819,10,58,
2438728,0819,11,04,39
2438778,0819,12,18,43
2438550,0819,12,28,33
2436557,0819,12,43,41
2438533,0819,13,21,
2438935,0819,14,12,
2437052,0819,14,33,
2437590,0819,15,03,
2439264,0819,16,17,
2438377,0819,16,57,49
2439842,0819,17,12,17
2439756,0819,18,58,33
2437566,0819,19,10,22
2440273,0819,20,03,64
2398966,0819,20,08,25
2438809,0819,20,34,
2439333,0819,20,57,
2439672,0819,21,15,25
2439396,0819,22,09,
2439959,0819,22,08,
2440170,0819,22,28,26
2440339,0819,22,34,31
2437093,0819,22,41,48
2440072,0819,22,44,42
2433074,0819,22,50,32
2438341,0819,23,03,
2436385,0819,23,11,34
2440049,0819,23,41,26
2440131,0819,23,42,24
2439392,0819,23,53,
2440656,0819,23,58,
2440499,0820,00,04,
2439495,0820,00,07,22
2439036,0820,00,08,26
2440863,0820,00,10,28
2440251,0820,00,15,33
2440550,0820,00,17,39
2440020,0820,00,18,21
2439750,0820,00,20,23
2440446,0820,00,20,20
2440375,0820,00,23,
2400312,0820,00,24,
2440245,0820,00,31,
2440498,0820,00,38,23
2432807,0820,00,47,
2439896,0820,00,52,30
2440584,0820,01,20,29
2440383,0820,01,11,43
2440119,0820,01,13,26
2415538,0820,01,19,32
2440036,0820,01,20,33
2440018,0820,01,29,29
2439845,0820,01,58,
2440714,0820,01,35,26
2437784,0820,01,49,49
2440665,0820,01,49,
2439945,0820,01,59,28
2439149,0820,02,00,
2440312,0820,02,13,28
2428778,0820,02,14,
2440670,0820,02,17,
2440797,0820,02,24,
2440431,0820,02,26,
2440566,0820,02,28,
2439966,0820,09,51,43
2435058,0820,10,53,31
2410120,0820,10,59,27
2415807,0820,12,19,
2441004,0820,12,32,33
2440263,0820,13,13,24
2403340,0820,13,09,
2420283,0820,13,40,49
2418748,0820,14,16,33
2429234,0820,15,09,
2441642,0820,16,41,
2426655,0820,18,01,
2441796,0820,18,11,29
2414231,0820,18,48,31
2441971,0820,18,53,29
2433390,0820,19,40,43
2438132,0820,21,14,
2442337,0820,21,23,40
2439683,0820,21,30,
2442504,0820,22,02,31
2442568,0820,22,06,35
2440800,0820,22,11,28
2428105,0820,22,14,19
2442674,0820,22,43,33
2442745,0820,23,05,41
2442691,0820,23,06,42
2442645,0820,23,14,
2442110,0820,23,16,35
2438799,0820,23,20,39
2424563,0820,23,20,
2438671,0820,23,24,
2443134,0820,23,29,
2440995,0820,23,34,
2442046,0820,23,37,
2442777,0820,23,40,18
2419115,0820,23,45,28
2364244,0820,23,57,
2441924,0821,00,07,
2441083,0821,00,13,
2440692,0821,00,47,
2442785,0821,00,24,40
2420772,0821,00,26,
2442887,0821,00,34,17
2442523,0821,00,37,
2443126,0821,01,03,17
2441114,0821,00,41,51
2439329,0821,00,54,
2441121,0821,00,54,
2441969,0821,00,55,
2443251,0821,01,22,
2408726,0821,01,37,38
2440941,0821,01,46,31
2442889,0821,01,46,40
2443228,0821,01,39,24
2442764,0821,01,21,
2442884,0821,01,36,
2441265,0821,01,36,32
2442924,0821,01,45,
2442185,0821,01,50,
2443082,0821,01,50,
2439168,0821,01,53,38
2442624,0821,02,01,
2428384,0821,02,28,
2443140,0821,02,38,33
2443036,0821,10,11,30
2437809,0821,10,33,20
2441718,0821,10,47,38
2442905,0821,11,04,35
2442300,0821,11,13,36
2442829,0821,11,51,46
2443447,0821,12,43,41
2443511,0821,12,49,51
2443682,0821,13,44,
2442834,0821,14,22,47
2443865,0821,15,06,
2428385,0821,15,47,39
2442330,0821,17,28,
2443802,0821,17,45,
2444379,0821,18,17,38
2444392,0821,18,16,37
2438017,0821,19,02,33
2417354,0821,19,14,
2444929,0821,18,55,43
2444535,0821,19,19,33
2444001,0821,19,48,
2444526,0821,20,08,27
2444678,0821,20,53,
2438478,0821,21,20,39
2444894,0821,21,42,
2444057,0821,22,00,31
2445521,0821,22,55,
2416661,0821,22,32,
2441505,0821,22,32,54
2444813,0821,22,51,
2444821,0821,23,12,39
2444966,0821,23,24,55
2443878,0821,23,28,38
2431016,0822,00,32,
2437246,0822,00,46,
2444627,0822,00,56,
2444647,0822,02,15,
2444965,0822,02,25,
2444687,0822,02,37,
2444163,0822,10,22,
2445917,0822,11,41,
2445588,0822,12,02,27
2444669,0822,12,32,37
2443586,0822,12,07,55
2438938,0822,13,08,
2442673,0822,14,01,51
2446174,0822,14,15,
2438741,0822,15,26,52
2441812,0822,16,13,
2446898,0822,16,28,
2446908,0822,16,28,
2437107,0822,16,28,22
2447011,0822,17,02,
2446359,0822,17,32,47
2445844,0822,17,52,28
2446620,0822,18,04,
2443819,0822,18,36,
2432319,0822,19,43,26
2446917,0822,19,49,30
2446765,0822,20,26,44
2430282,0822,20,15,42
2447117,0822,20,50,23
2421289,0822,21,09,
2443769,0822,21,11,23
2425245,0822,21,12,43
2438505,0822,21,15,
2446947,0822,21,48,
2446877,0822,21,49,39
2446384,0822,22,41,
2447514,0822,22,46,33
2444271,0822,22,56,30
2447966,0822,23,16,
2403764,0822,23,19,43
2447410,0822,23,22,46
2447599,0822,23,34,
2447770,0822,23,50,
2444691,0823,00,08,26
2447537,0823,00,41,
2443693,0823,00,14,37
2447137,0823,00,22,
2436479,0823,00,23,
2447600,0823,00,26,
2448073,0823,01,02,
2446118,0823,00,37,
2447212,0823,00,46,
2438563,0823,00,49,42
2447596,0823,00,58,
2447582,0823,01,00,
2446260,0823,01,02,46
2447933,0823,01,11,23
2447653,0823,01,35,50
2447935,0823,01,36,
2438148,0823,01,40,55
2438150,0823,01,40,55
2438149,0823,01,41,56
2447965,0823,01,45,
2442199,0823,01,50,38
2447816,0823,01,51,39
2446159,0823,01,51,
2447850,0823,01,58,
2447590,0823,02,15,
2447986,0823,02,29,
2448170,0823,09,57,
2447070,0823,10,03,
2448388,0823,10,06,
2447662,0823,10,41,35
2444570,0823,10,51,
2447724,0823,11,00,
2448165,0823,11,31,
2448422,0823,12,17,
2448277,0823,12,18,
2448188,0823,14,23,
2448591,0823,14,24,23
2448109,0823,15,03,18
2448768,0823,16,26,
2446777,0823,16,38,32
2429269,0823,18,23,38
2403477,0823,19,16,
2403496,0823,19,16,
2420724,0823,19,16,
2449770,0823,19,37,
2446508,0823,19,41,
2449528,0823,19,45,41
2449350,0823,20,04,37
2446569,0823,20,53,
2449248,0823,21,29,55
2437531,0823,21,21,
2449363,0823,21,59,29
2446444,0823,22,10,27
2449491,0823,22,21,
2448913,0823,22,26,
2449714,0823,22,26,27
2448516,0823,22,28,32
2434553,0823,22,40,27
2439097,0823,22,44,29
2445888,0823,23,01,
2394443,0823,23,01,
2440651,0823,23,06,42
2424211,0823,23,09,35
2449876,0823,23,12,18
2449883,0823,23,19,19
2447171,0823,23,21,35
2450006,0823,23,23,29
2448381,0823,23,26,
2439689,0823,23,30,38
2441709,0823,23,33,36
2449989,0823,23,36,44
2447634,0823,23,44,
2449604,0823,23,54,
2449830,0823,23,58,29
2449951,0824,00,20,16
2428097,0824,00,27,38
2449369,0824,00,32,23
2448435,0824,00,40,47
2450030,0824,00,41,23
2449234,0824,00,50,
2448334,0824,00,52,35
2450155,0824,00,56,
2450037,0824,00,58,
2450136,0824,00,58,17
2449114,0824,01,02,
2450180,0824,01,04,19
2450191,0824,01,33,
2449483,0824,01,15,45
2448216,0824,01,16,
2435381,0824,01,19,
2449139,0824,01,46,
2443750,0824,01,30,
2450412,0824,01,37,
2446025,0824,01,37,
2449889,0824,01,38,
2424242,0824,02,01,
2450430,0824,02,01,
2446283,0824,02,19,
2447550,0824,02,23,
2449812,0824,02,49,
2450694,0824,09,18,36
2450759,0824,09,40,34
2449424,0824,10,19,27
2450583,0824,10,34,21
2442732,0824,13,17,
2451282,0824,13,20,36
2448012,0824,14,24,34
2450540,0824,14,42,25
2450826,0824,15,03,
2451471,0824,15,13,
2450931,0824,16,54,56
2451485,0824,18,07,
2451687,0824,19,26,39
2452259,0824,19,42,33
2451260,0824,19,50,
2451707,0824,19,57,31
2451630,0824,20,11,50
2451556,0824,20,16,
2451543,0824,20,48,30
2437580,0824,20,50,43
2449910,0824,20,55,27
2451659,0824,21,35,29
2446063,0824,21,39,
2451428,0824,21,40,24
2445276,0824,21,44,
2451948,0824,22,18,
2433359,0824,22,35,36
2451166,0824,22,54,
2447591,0824,22,58,
2452132,0824,23,02,39
2450053,0824,23,11,
2446998,0824,23,40,21
2452787,0824,23,15,
2450880,0824,23,23,
2449680,0824,23,38,20
2449037,0824,23,45,26
2437080,0825,00,19,
2448607,0825,00,19,38
2452631,0825,00,22,
2449786,0825,00,36,26
2450602,0825,00,37,25
2452279,0825,00,35,25
2452290,0825,00,43,24
2436746,0825,00,28,35
2452656,0825,00,31,
2452862,0825,00,32,
2448068,0825,00,33,
2450286,0825,01,04,17
2428568,0825,00,55,
2451403,0825,00,55,
2448070,0825,01,00,50
2441553,0825,01,07,32
2450778,0825,01,09,22
2452582,0825,01,38,55
2452633,0825,01,39,
2399454,0825,01,54,31
2452546,0825,01,35,
2448817,0825,01,37,
2450774,0825,01,38,43
2450678,0825,01,42,59
2430018,0825,02,04,
2452543,0825,02,05,
2452088,0825,02,08,52
2450669,0825,02,11,28
2452215,0825,02,20,37
2415022,0825,02,23,35
2452692,0825,02,40,55
2451784,0825,09,08,27
2453018,0825,09,20,
2449125,0825,09,44,
2452813,0825,10,26,23
2448742,0825,11,14,46
2453084,0825,11,16,52
2448349,0825,12,52,38
2453153,0825,13,35,29
2451558,0825,14,14,20
2453508,0825,14,18,
2390742,0825,15,18,36
2452724,0825,15,49,39
2430792,0825,16,09,
2452743,0825,17,08,44
2417037,0825,17,57,43
2454012,0825,18,21,36
2414987,0825,19,14,24
2453701,0825,19,43,
2454152,0825,19,47,27
2454255,0825,19,55,51
2454530,0825,20,07,
2454613,0825,20,59,41
2454335,0825,20,59,26
2443495,0825,21,13,30
2454473,0825,21,28,35
2454092,0825,21,35,40
2453903,0825,21,39,26
2452735,0825,22,04,23
2454512,0825,22,12,40
2454623,0825,22,17,32
2419729,0825,22,59,44
2454823,0826,00,01,32
2407724,0825,23,40,
2454808,0825,23,45,
2455140,0825,23,48,69
2453037,0825,23,55,
2454824,0825,23,57,41
2454873,0826,00,05,24
2454980,0826,00,07,28
2439453,0826,00,11,58
2454842,0826,00,14,25
2454906,0826,00,26,
2418167,0826,00,26,40
2453865,0826,00,55,52
2454470,0826,00,28,47
2454513,0826,00,38,35
2454855,0826,00,40,25
2451463,0826,00,47,
2454528,0826,00,47,26
2454763,0826,00,49,
2454617,0826,00,50,18
2454581,0826,00,52,
2454728,0826,00,54,
2422532,0826,01,00,28
2454779,0826,01,45,
2454931,0826,01,46,
2453890,0826,01,46,34
2455222,0826,01,49,88
2454607,0826,01,21,23
2454887,0826,01,26,28
2454314,0826,01,48,
2455076,0826,02,41,
2454879,0826,02,42,
2455065,0826,02,19,25
2454389,0826,02,37,
2455050,0826,02,39,
2441617,0826,02,39,
2455122,0826,09,09,
2455326,0826,10,29,49
2455626,0826,10,23,
2455313,0826,10,23,54
2455355,0826,10,40,34
2455644,0826,10,46,
2455387,0826,11,11,
2450860,0826,13,02,56
2454935,0826,15,12,
2446767,0826,15,37,41
2456216,0826,15,35,
2443494,0826,15,36,45
2452616,0826,16,48,33
2456201,0826,17,38,25
2454958,0826,18,26,57
2456345,0826,19,48,
2455521,0826,19,53,
2455801,0826,20,37,
2455389,0826,21,11,37
2455785,0826,21,24,31
2456780,0826,21,24,39
2456797,0826,21,28,
2456704,0826,21,35,
2455935,0826,21,37,38
2454343,0826,21,46,18
2439509,0826,22,00,27
2456992,0826,22,49,
2457174,0826,23,25,31
2406975,0826,23,07,
2457549,0826,23,13,
2456042,0826,23,13,
2457555,0826,23,18,42
2457560,0826,23,19,
2385646,0826,23,21,39
2457058,0826,23,22,28
2454866,0826,23,25,29
2457307,0826,23,32,36
2432149,0826,23,40,22
2456526,0826,23,48,
2456941,0827,00,16,71
2457633,0827,00,17,
2453730,0827,00,18,29
2456544,0827,00,23,31
2452404,0827,00,25,
2455341,0827,00,26,19
2457071,0827,00,29,
2457372,0827,00,30,36
2457334,0827,00,31,30
2449919,0827,00,31,
2439371,0827,00,40,35
2457337,0827,00,40,22
2452906,0827,01,11,24
2457439,0827,00,46,
2453963,0827,00,46,
2457542,0827,00,53,
2448387,0827,01,02,29
2456932,0827,01,11,
2456716,0827,01,15,22
2457438,0827,01,54,25
2412524,0827,02,22,
2457784,0827,10,05,31
2457390,0827,09,55,
2457933,0827,10,44,
2458254,0827,10,56,
2457831,0827,11,31,
2447382,0827,11,15,39
2458108,0827,13,19,
2458267,0827,14,09,35
2455498,0827,14,09,43
2417299,0827,14,19,41
2452322,0827,14,27,40
2457473,0827,15,03,
2457965,0827,15,52,27
2455727,0827,16,16,46
2447014,0827,16,35,36
2459232,0827,16,46,
2456878,0827,16,48,
2458840,0827,17,57,
2459012,0827,17,59,36
2456625,0827,19,04,43
2458724,0827,19,07,
2455952,0827,20,05,
2440823,0827,20,13,40
2455923,0827,21,13,26
2459425,0827,21,17,30
2454158,0827,21,46,32
2460086,0827,22,01,
2457038,0827,22,15,
2450049,0827,22,15,
2456376,0827,22,42,44
2452614,0827,22,51,23
2457601,0827,22,59,
2457361,0827,23,01,33
2459665,0827,23,04,33
2438906,0827,23,12,44
2446516,0827,23,58,
2458563,0827,23,31,28
2431373,0827,23,38,
2452959,0827,23,56,
2459903,0828,00,00,21
2459819,0828,00,03,28
2459625,0828,00,08,
2444433,0828,00,11,36
2458237,0828,00,20,30
2460076,0828,00,22,
2454681,0828,00,51,48
2458751,0828,00,49,26
2459914,0828,00,24,24
2459786,0828,00,25,35
2459207,0828,00,26,42
2459149,0828,00,30,15
2459976,0828,00,30,24
2459733,0828,00,31,31
2456089,0828,00,34,28
2457718,0828,00,35,29
2460331,0828,00,54,48
2459924,0828,01,13,38
2459922,0828,01,14,39
2460363,0828,01,14,
2460138,0828,01,15,28
2458129,0828,01,15,63
2458551,0828,01,16,29
2458652,0828,01,19,
2458671,0828,01,34,31
2457317,0828,01,36,69
2457797,0828,02,05,26
2459752,0828,02,06,
2460226,0828,01,40,37
2455937,0828,01,47,
2403845,0828,01,50,
2460017,0828,01,51,
2459933,0828,02,10,35
2459835,0828,02,11,58
2455646,0828,02,42,89
2460409,0828,02,16,77
2460370,0828,09,44,27
2459974,0828,11,20,
2460920,0828,11,17,41
2459979,0828,11,20,
2458309,0828,12,41,24
2461530,0828,14,58,33
2461243,0828,15,16,34
2459666,0828,16,18,45
2461110,0828,16,11,38
2461398,0828,16,30,17
2461846,0828,17,22,35
2462010,0828,17,51,
2461540,0828,17,55,33
2460950,0828,19,05,
2461585,0828,19,16,
2461515,0828,19,18,
2461972,0828,20,39,34
2438828,0828,20,41,26
2453158,0828,20,49,29
2462223,0828,21,59,44
2462202,0828,21,33,
2457695,0828,22,02,
2459054,0828,21,35,
2462110,0828,21,39,43
2462764,0828,22,14,54
2462765,0828,22,21,80
2461930,0828,21,55,32
2462150,0828,22,03,48
2431323,0828,22,36,
2462732,0828,22,11,58
2461820,0828,23,12,
2428790,0828,22,44,
2461671,0828,22,46,38
2445942,0828,22,51,35
2457558,0828,22,52,38
2461937,0828,22,56,40
2460085,0828,22,58,
2461186,0828,22,58,
2461337,0828,23,10,57
2462966,0828,23,54,69
2460424,0828,23,45,
2412156,0829,00,11,29
2461955,0829,00,14,34
2462665,0829,00,20,46
2454042,0829,00,21,21
2461397,0829,00,27,
2461931,0829,00,28,
2462484,0829,00,37,
2453778,0829,00,38,33
2460219,0829,00,48,47
2462689,0829,00,59,
2461925,0829,00,59,31
2462381,0829,01,01,21
2462728,0829,01,05,
2443272,0829,01,07,29
2462502,0829,01,15,
2462624,0829,01,16,18
2463046,0829,01,18,38
2462712,0829,01,35,
2462524,0829,01,36,20
2462471,0829,01,36,
2462419,0829,01,36,
2430637,0829,01,39,
2456262,0829,02,18,
2462387,0829,01,53,43
2447350,0829,02,03,
2460904,0829,02,06,
2454697,0829,02,08,
2462730,0829,02,08,24
2462431,0829,02,12,
2462802,0829,02,24,
2401834,0829,02,42,
2461545,0829,02,45,
2461440,0829,02,55,24
2462980,0829,02,56,33
2459469,0829,09,49,34
2463018,0829,09,54,39
2463162,0829,09,54,45
2463244,0829,10,44,
2462250,0829,10,51,37
2463241,0829,11,37,29
2463355,0829,11,38,
2462906,0829,12,28,
2417482,0829,13,47,38
2461267,0829,13,52,36
2463658,0829,14,24,40
2463556,0829,14,57,32
2460025,0829,16,04,27
2464485,0829,17,01,44
2457449,0829,17,42,37
2461464,0829,17,38,
2464301,0829,17,50,38
2464790,0829,18,49,
2464818,0829,18,49,
2463933,0829,19,14,52
2464828,0829,19,09,62
2463990,0829,19,09,22
2463275,0829,19,22,35
2464148,0829,19,53,40
2464444,0829,20,11,
2464461,0829,20,09,43
2464481,0829,21,08,
2438283,0829,21,10,37
2462474,0829,21,13,
2464773,0829,21,13,
2465364,0829,21,55,28
2464241,0829,22,00,47
2464777,0829,22,08,
2464330,0829,22,18,
2465146,0829,22,51,45
2465087,0829,22,30,57
2457289,0829,23,22,
2461441,0829,22,53,28
2465487,0829,22,57,28
2465254,0829,22,59,
2464603,0829,23,28,37
2465538,0829,23,28,39
2464690,0829,23,10,31
2438788,0829,23,35,
2458035,0829,23,35,
2463466,0829,23,36,
2462746,0829,23,39,
2462282,0829,23,47,20
2464953,0830,00,01,43
2465272,0830,00,09,34
2465083,0830,00,18,32
2462899,0830,00,27,
2465134,0830,00,34,29
2463152,0830,00,45,29
2462908,0830,00,45,34
2464732,0830,00,46,
2450435,0830,01,17,33
2463354,0830,00,52,
2465662,0830,00,56,28
2401113,0830,00,58,57
2401115,0830,00,59,58
2460681,0830,01,03,19
2465266,0830,01,06,24
2464530,0830,01,07,42
2465434,0830,01,48,28
2463840,0830,01,20,52
2465670,0830,01,20,36
2465684,0830,01,33,22
2463254,0830,01,38,40
2463820,0830,01,39,41
2465480,0830,01,46,59
2462135,0830,01,46,59
2460693,0830,01,48,
2456071,0830,02,24,36
2465399,0830,02,23,40
2462542,0830,02,50,
2464875,0830,02,23,
2412424,0830,02,23,35
2462744,0830,02,23,
2463109,0830,02,23,
2465275,0830,02,23,
2463986,0830,02,23,
2460037,0830,02,23,
2464802,0830,02,24,
2463108,0830,02,27,54
2465723,0830,02,32,36
2462585,0830,02,57,
2464269,0830,02,57,
2465346,0830,02,57,
2456140,0830,09,00,70
2465785,0830,09,49,27
2464772,0830,09,55,59
2463662,0830,10,02,44
2453389,0830,10,10,52
2453390,0830,10,10,52
2453391,0830,10,10,52
2465822,0830,10,20,44
2462104,0830,10,24,24
2466163,0830,11,15,
2465886,0830,10,47,47
2463338,0830,11,01,29
2465846,0830,12,39,54
2462973,0830,12,39,
2449464,0830,14,02,41
2418595,0830,14,22,42
2466942,0830,15,43,
2466383,0830,16,41,
2460192,0830,16,43,
2466621,0830,18,24,35
2467040,0830,18,32,49
2402627,0830,19,49,
2467291,0830,19,50,44
2465852,0830,20,36,24
2467772,0830,20,53,41
2467295,0830,21,04,
2467290,0830,21,25,
2467485,0830,22,29,
2467419,0830,22,07,23
2467016,0830,22,09,48
2467942,0830,22,16,
2464625,0830,22,31,43
2467498,0830,22,50,
2467636,0830,22,51,30
2466507,0830,23,08,
2467470,0830,23,17,29
2467778,0830,23,20,32
2466808,0830,23,22,48
2466068,0830,23,23,
2452312,0830,23,23,
2467185,0830,23,25,
2468101,0830,23,26,36
2465682,0830,23,28,
2415759,0830,23,51,
2468168,0830,23,36,
2468185,0831,00,01,26
2467625,0830,23,46,34
2392280,0830,23,47,45
2466860,0830,23,49,
2462447,0830,23,51,39
2460315,0831,00,24,52
2465278,0831,00,15,
2468192,0831,00,18,28
2467546,0831,00,24,41
2464055,0831,00,52,52
2443656,0831,00,52,72
2459626,0831,00,52,
2467518,0831,00,54,
2465690,0831,00,54,
2467820,0831,00,54,
2468251,0831,00,57,
2468239,0831,01,02,
2467765,0831,01,24,45
2467788,0831,01,02,23
2468249,0831,01,17,58
2466894,0831,01,21,53
2438053,0831,01,22,
2467273,0831,01,23,23
2465575,0831,01,35,
2464073,0831,02,09,39
2467796,0831,02,10,31
2468282,0831,02,03,27
2468107,0831,02,09,
2468179,0831,02,19,
2467604,0831,02,20,
2467784,0831,02,50,59
2468082,0831,02,50,53
2468257,0831,09,13,53
2468390,0831,09,13,53
2467957,0831,09,34,32
2468700,0831,10,20,40
2468707,0831,09,52,30
2415344,0831,10,56,
2468347,0831,11,23,36
2466723,0831,12,11,34
2468689,0831,13,17,42
2469245,0831,13,36,
2469034,0831,14,01,
2468706,0831,14,17,
2469538,0831,15,27,
2469286,0831,16,30,
2407023,0831,16,56,31
2469912,0831,17,33,49
2469316,0831,17,36,
2441378,0831,18,56,77
2460062,0831,20,11,
2470072,0831,21,06,35
2470071,0831,21,46,
2470197,0831,22,04,
2456103,0831,22,34,
2467668,0831,22,48,31
2468227,0831,22,53,25
2469839,0831,23,01,
2470422,0831,23,31,
2469182,0831,23,13,45
2470730,0831,23,16,41
2458305,0831,23,46,29
2469913,0901,00,05,
2470491,0831,23,43,28
2449178,0831,23,50,56
2470490,0901,00,16,
2468078,0901,00,59,33
2397196,0901,01,02,36
2434975,0901,01,35,
2407053,0901,01,25,
2410649,0901,02,23,27
2470242,0901,02,53,
